timestamp,backend,c_in,c_out,h,w,run_id,latency_ms
2026-08-07T10:26:29.391959,cachewinograd,32,64,56,56,0,1632.600436999951
2026-08-07T10:26:29.391959,cachewinograd,32,64,56,56,1,1682.305829000029
2026-08-07T10:26:29.391959,cachewinograd,32,64,56,56,2,1575.8441599999742
2026-08-07T10:26:29.391959,cachewinograd,32,64,56,56,3,1575.20775699993
2026-08-07T10:26:29.391959,cachewinograd,32,64,56,56,4,1580.7422139999971
2026-08-07T10:26:29.391959,cachewinograd,32,64,56,56,5,1572.355033000008
2026-08-07T10:26:29.391959,cachewinograd,32,64,56,56,6,1571.2892179999471
2026-08-07T10:26:29.391959,cachewinograd,32,64,56,56,7,1574.0029990000721
2026-08-07T10:26:29.391959,cachewinograd,32,64,56,56,8,1577.3698540000396
2026-08-07T10:26:29.391959,cachewinograd,32,64,56,56,9,1588.7247340000386
2026-08-07T10:26:29.391959,cachewinograd,32,64,56,56,10,1592.438226000013
2026-08-07T10:26:29.391959,cachewinograd,32,64,56,56,11,1593.4493840001096
2026-08-07T10:26:29.391959,cachewinograd,32,64,56,56,12,1591.1935819999599
2026-08-07T10:26:29.391959,cachewinograd,32,64,56,56,13,1588.2375490000413
2026-08-07T10:26:29.391959,cachewinograd,32,64,56,56,14,1587.6779889999852
2026-08-07T10:26:29.391959,cachewinograd,32,64,56,56,15,1590.2290330000142
2026-08-07T10:26:29.391959,cachewinograd,32,64,56,56,16,1589.714906999916
2026-08-07T10:26:29.391959,cachewinograd,32,64,56,56,17,1590.1864959998875
2026-08-07T10:26:29.391959,cachewinograd,32,64,56,56,18,1591.7580390000694
2026-08-07T10:26:29.391959,cachewinograd,32,64,56,56,19,1587.4399480001102
2026-08-07T10:26:29.391959,cachewinograd,32,64,56,56,20,1589.0330820000145
2026-08-07T10:26:29.391959,cachewinograd,32,64,56,56,21,1590.8663279999473
2026-08-07T10:26:29.391959,cachewinograd,32,64,56,56,22,1591.1348540000745
2026-08-07T10:26:29.391959,cachewinograd,32,64,56,56,23,1601.3011999998525
2026-08-07T10:26:29.391959,cachewinograd,32,64,56,56,24,1671.1846220000552
2026-08-07T10:26:29.391959,cachewinograd,32,64,56,56,25,1597.2284279998803
2026-08-07T10:26:29.391959,cachewinograd,32,64,56,56,26,1587.2296610000376
2026-08-07T10:26:29.391959,cachewinograd,32,64,56,56,27,1604.1149739999128
2026-08-07T10:26:29.391959,cachewinograd,32,64,56,56,28,1656.7419269999846
2026-08-07T10:26:29.391959,cachewinograd,32,64,56,56,29,1596.7827649999435
2026-08-07T10:26:29.391959,cachewinograd,32,64,56,56,30,1589.4522009998582
2026-08-07T10:26:29.391959,cachewinograd,32,64,56,56,31,1589.6813869999278
2026-08-07T10:26:29.391959,cachewinograd,32,64,56,56,32,1589.610569000115
2026-08-07T10:26:29.391959,cachewinograd,32,64,56,56,33,1590.4346820000228
2026-08-07T10:26:29.391959,cachewinograd,32,64,56,56,34,1588.447567000003
2026-08-07T10:26:29.391959,cachewinograd,32,64,56,56,35,1588.3203060000142
2026-08-07T10:26:29.391959,cachewinograd,32,64,56,56,36,1588.0993019998186
2026-08-07T10:26:29.391959,cachewinograd,32,64,56,56,37,1589.9541420001242
2026-08-07T10:26:29.391959,cachewinograd,32,64,56,56,38,1589.3174430000272
2026-08-07T10:26:29.391959,cachewinograd,32,64,56,56,39,1587.3717290000968
2026-08-07T10:26:29.391959,cachewinograd,32,64,56,56,40,1586.944780000067
2026-08-07T10:26:29.391959,cachewinograd,32,64,56,56,41,1589.6271439999055
2026-08-07T10:26:29.391959,cachewinograd,32,64,56,56,42,1589.2631469998832
2026-08-07T10:26:29.391959,cachewinograd,32,64,56,56,43,1587.8496699999687
2026-08-07T10:26:29.391959,cachewinograd,32,64,56,56,44,1586.732025999936
2026-08-07T10:26:29.391959,cachewinograd,32,64,56,56,45,1593.3860459999778
2026-08-07T10:26:29.391959,cachewinograd,32,64,56,56,46,1589.1120520000186
2026-08-07T10:26:29.391959,cachewinograd,32,64,56,56,47,1603.2145780000064
2026-08-07T10:26:29.391959,cachewinograd,32,64,56,56,48,1590.6560409998747
2026-08-07T10:26:29.391959,cachewinograd,32,64,56,56,49,1586.8877949999387
2026-08-07T10:26:29.391959,cachewinograd,32,64,56,56,50,1590.264746999992
2026-08-07T10:26:29.391959,cachewinograd,32,64,56,56,51,1588.555180000185
2026-08-07T10:26:29.391959,cachewinograd,32,64,56,56,52,1590.1009570000042
2026-08-07T10:26:29.391959,cachewinograd,32,64,56,56,53,1586.896132999982
2026-08-07T10:26:29.391959,cachewinograd,32,64,56,56,54,1587.9981839998436
2026-08-07T10:26:29.391959,cachewinograd,32,64,56,56,55,1592.3737289999735
2026-08-07T10:26:29.391959,cachewinograd,32,64,56,56,56,1594.7832270001072
2026-08-07T10:26:29.391959,cachewinograd,32,64,56,56,57,1592.9988830000639
2026-08-07T10:26:29.391959,cachewinograd,32,64,56,56,58,1593.8731509997979
2026-08-07T10:26:29.391959,cachewinograd,32,64,56,56,59,1591.7342340001142
2026-08-07T10:26:29.391959,cachewinograd,32,64,56,56,60,1594.8195399998895
2026-08-07T10:26:29.391959,cachewinograd,32,64,56,56,61,1592.0923240000775
2026-08-07T10:26:29.391959,cachewinograd,32,64,56,56,62,1591.5572470000825
2026-08-07T10:26:29.391959,cachewinograd,32,64,56,56,63,1592.9463679999571
2026-08-07T10:26:29.391959,cachewinograd,32,64,56,56,64,1590.419220000058
2026-08-07T10:26:29.391959,cachewinograd,32,64,56,56,65,1595.435825000095
2026-08-07T10:26:29.391959,cachewinograd,32,64,56,56,66,1616.367629000024
2026-08-07T10:26:29.391959,cachewinograd,32,64,56,56,67,1669.9863300000288
2026-08-07T10:26:29.391959,cachewinograd,32,64,56,56,68,1590.2484670000376
2026-08-07T10:26:29.391959,cachewinograd,32,64,56,56,69,1593.0454409999584
2026-08-07T10:26:29.391959,cachewinograd,32,64,56,56,70,1591.3627959998848
2026-08-07T10:26:29.391959,cachewinograd,32,64,56,56,71,1592.1920639998461
2026-08-07T10:26:29.391959,cachewinograd,32,64,56,56,72,1591.3204600001336
2026-08-07T10:26:29.391959,cachewinograd,32,64,56,56,73,1594.826495999996
2026-08-07T10:26:29.391959,cachewinograd,32,64,56,56,74,1613.4825850001562
2026-08-07T10:26:29.391959,cachewinograd,32,64,56,56,75,1589.4126729999698
2026-08-07T10:26:29.391959,cachewinograd,32,64,56,56,76,1592.3845600000277
2026-08-07T10:26:29.391959,cachewinograd,32,64,56,56,77,1593.7782700000298
2026-08-07T10:26:29.391959,cachewinograd,32,64,56,56,78,1592.6571139998487
2026-08-07T10:26:29.391959,cachewinograd,32,64,56,56,79,1592.0080060000146
2026-08-07T10:26:29.391959,cachewinograd,32,64,56,56,80,1590.94931300001
2026-08-07T10:26:29.391959,cachewinograd,32,64,56,56,81,1589.2464700000346
2026-08-07T10:26:29.391959,cachewinograd,32,64,56,56,82,1592.7910650000285
2026-08-07T10:26:29.391959,cachewinograd,32,64,56,56,83,1591.743403999999
2026-08-07T10:26:29.391959,cachewinograd,32,64,56,56,84,1590.6640919999973
2026-08-07T10:26:29.391959,cachewinograd,32,64,56,56,85,1589.010577999943
2026-08-07T10:26:29.391959,cachewinograd,32,64,56,56,86,1591.1638649999986
2026-08-07T10:26:29.391959,cachewinograd,32,64,56,56,87,1598.6607600000298
2026-08-07T10:26:29.391959,cachewinograd,32,64,56,56,88,1588.2451330001004
2026-08-07T10:26:29.391959,cachewinograd,32,64,56,56,89,1592.5402440000198
2026-08-07T10:26:29.391959,cachewinograd,32,64,56,56,90,1591.861246999997
2026-08-07T10:26:29.391959,cachewinograd,32,64,56,56,91,1592.9821439999614
2026-08-07T10:26:29.391959,cachewinograd,32,64,56,56,92,1592.635644999973
2026-08-07T10:26:29.391959,cachewinograd,32,64,56,56,93,1589.1531089998807
2026-08-07T10:26:29.391959,cachewinograd,32,64,56,56,94,1592.7974740000082
2026-08-07T10:26:29.391959,cachewinograd,32,64,56,56,95,1590.8640180000475
2026-08-07T10:26:29.391959,cachewinograd,32,64,56,56,96,1588.6421320001318
2026-08-07T10:26:29.391959,cachewinograd,32,64,56,56,97,1593.3072549998997
2026-08-07T10:26:29.391959,cachewinograd,32,64,56,56,98,1589.8549349999485
2026-08-07T10:26:29.391959,cachewinograd,32,64,56,56,99,1593.6230899999373
2026-08-07T10:26:29.391959,cachewinograd,32,64,56,56,100,1586.5384090000134
2026-08-07T10:26:29.391959,cachewinograd,32,64,56,56,101,1588.2854419999148
2026-08-07T10:26:29.391959,cachewinograd,32,64,56,56,102,1589.9760530001004
2026-08-07T10:26:29.391959,cachewinograd,32,64,56,56,103,1589.8689390000982
2026-08-07T10:26:29.391959,cachewinograd,32,64,56,56,104,1588.4585320000042
2026-08-07T10:26:29.391959,cachewinograd,32,64,56,56,105,1586.7055849998906
2026-08-07T10:26:29.391959,cachewinograd,32,64,56,56,106,1586.9419119999293
2026-08-07T10:26:29.391959,cachewinograd,32,64,56,56,107,1587.9671939999298
2026-08-07T10:26:29.391959,cachewinograd,32,64,56,56,108,1586.3021280001703
2026-08-07T10:26:29.391959,cachewinograd,32,64,56,56,109,1587.867961000029
2026-08-07T10:26:29.391959,cachewinograd,32,64,56,56,110,1594.6275779999723
2026-08-07T10:26:29.391959,cachewinograd,32,64,56,56,111,1587.1873019998475
2026-08-07T10:26:29.391959,cachewinograd,32,64,56,56,112,1589.07426199994
2026-08-07T10:26:29.391959,cachewinograd,32,64,56,56,113,1587.5712069998826
2026-08-07T10:26:29.391959,cachewinograd,32,64,56,56,114,1586.248170999852
2026-08-07T10:26:29.391959,cachewinograd,32,64,56,56,115,1586.9102490000841
2026-08-07T10:26:29.391959,cachewinograd,32,64,56,56,116,1585.0267069999973
2026-08-07T10:26:29.391959,cachewinograd,32,64,56,56,117,1587.844615999984
2026-08-07T10:26:29.391959,cachewinograd,32,64,56,56,118,1586.3525390000177
2026-08-07T10:26:29.391959,cachewinograd,32,64,56,56,119,1586.916649000159
2026-08-07T10:26:29.391959,cachewinograd,32,64,56,56,120,1587.2452470000553
2026-08-07T10:26:29.391959,cachewinograd,32,64,56,56,121,1586.3742139999886
2026-08-07T10:26:29.391959,cachewinograd,32,64,56,56,122,1598.1244330000663
2026-08-07T10:26:29.391959,cachewinograd,32,64,56,56,123,1595.3221990000657
2026-08-07T10:26:29.391959,cachewinograd,32,64,56,56,124,1592.5750579999658
2026-08-07T10:26:29.391959,cachewinograd,32,64,56,56,125,1580.2278630001183
2026-08-07T10:26:29.391959,cachewinograd,32,64,56,56,126,1579.2826610002066
2026-08-07T10:26:29.391959,cachewinograd,32,64,56,56,127,1578.8621050000984
2026-08-07T10:26:29.391959,cachewinograd,32,64,56,56,128,1575.2312770000572
2026-08-07T10:26:29.391959,cachewinograd,32,64,56,56,129,1580.3609829999914
2026-08-07T10:26:29.391959,cachewinograd,32,64,56,56,130,1576.8324779999148
2026-08-07T10:26:29.391959,cachewinograd,32,64,56,56,131,1579.4852450001144
2026-08-07T10:26:29.391959,cachewinograd,32,64,56,56,132,1577.302088999886
2026-08-07T10:26:29.391959,cachewinograd,32,64,56,56,133,1579.0749349998805
2026-08-07T10:26:29.391959,cachewinograd,32,64,56,56,134,1576.0183940001298
2026-08-07T10:26:29.391959,cachewinograd,32,64,56,56,135,1576.9264990001375
2026-08-07T10:26:29.391959,cachewinograd,32,64,56,56,136,1578.88459600008
2026-08-07T10:26:29.391959,cachewinograd,32,64,56,56,137,1574.1003369998907
2026-08-07T10:26:29.391959,cachewinograd,32,64,56,56,138,1579.6268970000256
2026-08-07T10:26:29.391959,cachewinograd,32,64,56,56,139,1575.1187099999697
2026-08-07T10:26:29.391959,cachewinograd,32,64,56,56,140,1582.4440619999223
2026-08-07T10:26:29.391959,cachewinograd,32,64,56,56,141,1581.70969899993
2026-08-07T10:26:29.391959,cachewinograd,32,64,56,56,142,1577.7425480000602
2026-08-07T10:26:29.391959,cachewinograd,32,64,56,56,143,1580.6232630000068
2026-08-07T10:26:29.391959,cachewinograd,32,64,56,56,144,1585.167298999977
2026-08-07T10:26:29.391959,cachewinograd,32,64,56,56,145,1579.3003070000395
2026-08-07T10:26:29.391959,cachewinograd,32,64,56,56,146,1574.6617049999259
2026-08-07T10:26:29.391959,cachewinograd,32,64,56,56,147,1578.2560449999892
2026-08-07T10:26:29.391959,cachewinograd,32,64,56,56,148,1578.2615329999317
2026-08-07T10:26:29.391959,cachewinograd,32,64,56,56,149,1575.6442229999266
2026-08-07T10:26:29.391959,cachewinograd,32,64,56,56,150,1578.6723200001234
2026-08-07T10:26:29.391959,cachewinograd,32,64,56,56,151,1580.2688999999646
2026-08-07T10:26:29.391959,cachewinograd,32,64,56,56,152,1577.8180209999846
2026-08-07T10:26:29.391959,cachewinograd,32,64,56,56,153,1576.3059039998097
2026-08-07T10:26:29.391959,cachewinograd,32,64,56,56,154,1576.4775349998672
2026-08-07T10:26:29.391959,cachewinograd,32,64,56,56,155,1576.3033709999945
2026-08-07T10:26:29.391959,cachewinograd,32,64,56,56,156,1576.1250599998675
2026-08-07T10:26:29.391959,cachewinograd,32,64,56,56,157,1579.16460499996
2026-08-07T10:26:29.391959,cachewinograd,32,64,56,56,158,1576.332395999998
2026-08-07T10:26:29.391959,cachewinograd,32,64,56,56,159,1575.4612910000105
2026-08-07T10:26:29.391959,cachewinograd,32,64,56,56,160,1578.9504290000878
2026-08-07T10:26:29.391959,cachewinograd,32,64,56,56,161,1577.4829910001245
2026-08-07T10:26:29.391959,cachewinograd,32,64,56,56,162,1576.006856000049
2026-08-07T10:26:29.391959,cachewinograd,32,64,56,56,163,1578.939268999875
2026-08-07T10:26:29.391959,cachewinograd,32,64,56,56,164,1576.8529730000864
2026-08-07T10:26:29.391959,cachewinograd,32,64,56,56,165,1578.4313589999783
2026-08-07T10:26:29.391959,cachewinograd,32,64,56,56,166,1577.49782399992
2026-08-07T10:26:29.391959,cachewinograd,32,64,56,56,167,1577.5053529998786
2026-08-07T10:26:29.391959,cachewinograd,32,64,56,56,168,1576.7042610000317
2026-08-07T10:26:29.391959,cachewinograd,32,64,56,56,169,1576.3987049999741
2026-08-07T10:26:29.391959,cachewinograd,32,64,56,56,170,1576.5542100000403
2026-08-07T10:26:29.391959,cachewinograd,32,64,56,56,171,1575.319276000073
2026-08-07T10:26:29.391959,cachewinograd,32,64,56,56,172,1576.113745000157
2026-08-07T10:26:29.391959,cachewinograd,32,64,56,56,173,1576.5851390001444
2026-08-07T10:26:29.391959,cachewinograd,32,64,56,56,174,1576.216820999889
2026-08-07T10:26:29.391959,cachewinograd,32,64,56,56,175,1573.3653039999353
2026-08-07T10:26:29.391959,cachewinograd,32,64,56,56,176,1575.7486910001717
2026-08-07T10:26:29.391959,cachewinograd,32,64,56,56,177,1577.5365300000885
2026-08-07T10:26:29.391959,cachewinograd,32,64,56,56,178,1578.8148680001086
2026-08-07T10:26:29.391959,cachewinograd,32,64,56,56,179,1579.0940109998246
2026-08-07T10:26:29.391959,cachewinograd,32,64,56,56,180,1582.3331420001523
2026-08-07T10:26:29.391959,cachewinograd,32,64,56,56,181,1580.8375380001962
2026-08-07T10:26:29.391959,cachewinograd,32,64,56,56,182,1582.3700290000033
2026-08-07T10:26:29.391959,cachewinograd,32,64,56,56,183,1581.3967940000566
2026-08-07T10:26:29.391959,cachewinograd,32,64,56,56,184,1585.3070220000518
2026-08-07T10:26:29.391959,cachewinograd,32,64,56,56,185,1581.9627549999495
2026-08-07T10:26:29.391959,cachewinograd,32,64,56,56,186,1580.5674679997992
2026-08-07T10:26:29.391959,cachewinograd,32,64,56,56,187,1583.26359900002
2026-08-07T10:26:29.391959,cachewinograd,32,64,56,56,188,1587.4644830000761
2026-08-07T10:26:29.391959,cachewinograd,32,64,56,56,189,1582.214353000154
2026-08-07T10:26:29.391959,cachewinograd,32,64,56,56,190,1581.456259999868
2026-08-07T10:26:29.391959,cachewinograd,32,64,56,56,191,1579.8112150000634
2026-08-07T10:26:29.391959,cachewinograd,32,64,56,56,192,1585.2750869999
2026-08-07T10:26:29.391959,cachewinograd,32,64,56,56,193,1580.3288869999506
2026-08-07T10:26:29.391959,cachewinograd,32,64,56,56,194,1584.6772559998499
2026-08-07T10:26:29.391959,cachewinograd,32,64,56,56,195,1581.0741979998966
2026-08-07T10:26:29.391959,cachewinograd,32,64,56,56,196,1578.042792000133
2026-08-07T10:26:29.391959,cachewinograd,32,64,56,56,197,1580.1026310000452
2026-08-07T10:26:29.391959,cachewinograd,32,64,56,56,198,1593.0291750000833
2026-08-07T10:26:29.391959,cachewinograd,32,64,56,56,199,1578.9594039999884
2026-08-07T10:26:29.391959,cachewinograd,32,64,56,56,200,1583.3067690000462
2026-08-07T10:26:29.391959,cachewinograd,32,64,56,56,201,1583.7665359999846
2026-08-07T10:26:29.391959,cachewinograd,32,64,56,56,202,1582.6067279999734
2026-08-07T10:26:29.391959,cachewinograd,32,64,56,56,203,1572.333659999913
2026-08-07T10:26:29.391959,cachewinograd,32,64,56,56,204,1574.5052309998755
2026-08-07T10:26:29.391959,cachewinograd,32,64,56,56,205,1576.1144479999984
2026-08-07T10:26:29.391959,cachewinograd,32,64,56,56,206,1572.1638219999932
2026-08-07T10:26:29.391959,cachewinograd,32,64,56,56,207,1571.0714059998736
2026-08-07T10:26:29.391959,cachewinograd,32,64,56,56,208,1575.8775279998645
2026-08-07T10:26:29.391959,cachewinograd,32,64,56,56,209,1572.8223859998707
2026-08-07T10:26:29.391959,cachewinograd,32,64,56,56,210,1571.2223640000502
2026-08-07T10:26:29.391959,cachewinograd,32,64,56,56,211,1572.4790189999567
2026-08-07T10:26:29.391959,cachewinograd,32,64,56,56,212,1575.0386330000765
2026-08-07T10:26:29.391959,cachewinograd,32,64,56,56,213,1572.2770840000067
2026-08-07T10:26:29.391959,cachewinograd,32,64,56,56,214,1572.822508000172
2026-08-07T10:26:29.391959,cachewinograd,32,64,56,56,215,1574.6045070000037
2026-08-07T10:26:29.391959,cachewinograd,32,64,56,56,216,1579.1587549999804
2026-08-07T10:26:29.391959,cachewinograd,32,64,56,56,217,1585.4719920000662
2026-08-07T10:26:29.391959,cachewinograd,32,64,56,56,218,1573.4758180001336
2026-08-07T10:26:29.391959,cachewinograd,32,64,56,56,219,1577.1220379999704
2026-08-07T10:26:29.391959,cachewinograd,32,64,56,56,220,1581.548999000006
2026-08-07T10:26:29.391959,cachewinograd,32,64,56,56,221,1577.1096729999954
2026-08-07T10:26:29.391959,cachewinograd,32,64,56,56,222,1588.3887949999007
2026-08-07T10:26:29.391959,cachewinograd,32,64,56,56,223,1589.4984090000435
2026-08-07T10:26:29.391959,cachewinograd,32,64,56,56,224,1575.0312959999064
2026-08-07T10:26:29.391959,cachewinograd,32,64,56,56,225,1579.9475369999527
2026-08-07T10:26:29.391959,cachewinograd,32,64,56,56,226,1579.1701589998866
2026-08-07T10:26:29.391959,cachewinograd,32,64,56,56,227,1576.2459819998185
2026-08-07T10:26:29.391959,cachewinograd,32,64,56,56,228,1581.0625990000062
2026-08-07T10:26:29.391959,cachewinograd,32,64,56,56,229,1579.9598109999806
2026-08-07T10:26:29.391959,cachewinograd,32,64,56,56,230,1581.4651700000013
2026-08-07T10:26:29.391959,cachewinograd,32,64,56,56,231,1585.6848589999117
2026-08-07T10:26:29.391959,cachewinograd,32,64,56,56,232,1581.5227109999341
2026-08-07T10:26:29.391959,cachewinograd,32,64,56,56,233,1579.751516000215
2026-08-07T10:26:29.391959,cachewinograd,32,64,56,56,234,1582.4625359998663
2026-08-07T10:26:29.391959,cachewinograd,32,64,56,56,235,1577.0741590001762
2026-08-07T10:26:29.391959,cachewinograd,32,64,56,56,236,1577.1733849999237
2026-08-07T10:26:29.391959,cachewinograd,32,64,56,56,237,1581.16450600005
2026-08-07T10:26:29.391959,cachewinograd,32,64,56,56,238,1578.921813999841
2026-08-07T10:26:29.391959,cachewinograd,32,64,56,56,239,1585.8565680000538
2026-08-07T10:26:29.391959,cachewinograd,32,64,56,56,240,1586.0638120000203
2026-08-07T10:26:29.391959,cachewinograd,32,64,56,56,241,1589.3536270000368
2026-08-07T10:26:29.391959,cachewinograd,32,64,56,56,242,1588.65108100008
2026-08-07T10:26:29.391959,cachewinograd,32,64,56,56,243,1588.813952999999
2026-08-07T10:26:29.391959,cachewinograd,32,64,56,56,244,1586.3075019999542
2026-08-07T10:26:29.391959,cachewinograd,32,64,56,56,245,1592.8876899999977
2026-08-07T10:26:29.391959,cachewinograd,32,64,56,56,246,1588.220142999944
2026-08-07T10:26:29.391959,cachewinograd,32,64,56,56,247,1586.9943570000942
2026-08-07T10:26:29.391959,cachewinograd,32,64,56,56,248,1589.7112400000424
2026-08-07T10:26:29.391959,cachewinograd,32,64,56,56,249,1587.8193700000338
2026-08-07T10:26:29.391959,cachewinograd,32,64,56,56,250,1588.5068339998725
2026-08-07T10:26:29.391959,cachewinograd,32,64,56,56,251,1586.6134170000805
2026-08-07T10:26:29.391959,cachewinograd,32,64,56,56,252,1582.9835699998966
2026-08-07T10:26:29.391959,cachewinograd,32,64,56,56,253,1584.801526000092
2026-08-07T10:26:29.391959,cachewinograd,32,64,56,56,254,1584.938835999992
2026-08-07T10:26:29.391959,cachewinograd,32,64,56,56,255,1585.0344450000193
2026-08-07T10:26:29.391959,cachewinograd,32,64,56,56,256,1582.700550999789
2026-08-07T10:26:29.391959,cachewinograd,32,64,56,56,257,1580.068024999946
2026-08-07T10:26:29.391959,cachewinograd,32,64,56,56,258,1579.624173999946
2026-08-07T10:26:29.391959,cachewinograd,32,64,56,56,259,1581.412906999958
2026-08-07T10:26:29.391959,cachewinograd,32,64,56,56,260,1578.8927800001602
2026-08-07T10:26:29.391959,cachewinograd,32,64,56,56,261,1583.4344340000825
2026-08-07T10:26:29.391959,cachewinograd,32,64,56,56,262,1580.6706270000177
2026-08-07T10:26:29.391959,cachewinograd,32,64,56,56,263,1579.9844789999042
2026-08-07T10:26:29.391959,cachewinograd,32,64,56,56,264,1579.0127960001428
2026-08-07T10:26:29.391959,cachewinograd,32,64,56,56,265,1578.529030000027
2026-08-07T10:26:29.391959,cachewinograd,32,64,56,56,266,1580.409980000013
2026-08-07T10:26:29.391959,cachewinograd,32,64,56,56,267,1585.0703549999707
2026-08-07T10:26:29.391959,cachewinograd,32,64,56,56,268,1584.130354999843
2026-08-07T10:26:29.391959,cachewinograd,32,64,56,56,269,1580.3665739999815
2026-08-07T10:26:29.391959,cachewinograd,32,64,56,56,270,1581.9203270000344
2026-08-07T10:26:29.391959,cachewinograd,32,64,56,56,271,1592.8211520001696
2026-08-07T10:26:29.391959,cachewinograd,32,64,56,56,272,1583.4317249998549
2026-08-07T10:26:29.391959,cachewinograd,32,64,56,56,273,1580.85268800005
2026-08-07T10:26:29.391959,cachewinograd,32,64,56,56,274,1604.517886999929
2026-08-07T10:26:29.391959,cachewinograd,32,64,56,56,275,1637.9945880000832
2026-08-07T10:26:29.391959,cachewinograd,32,64,56,56,276,1792.344392999894
2026-08-07T10:26:29.391959,cachewinograd,32,64,56,56,277,1777.574661000017
2026-08-07T10:26:29.391959,cachewinograd,32,64,56,56,278,1696.285712999952
2026-08-07T10:26:29.391959,cachewinograd,32,64,56,56,279,1804.5611649999955
2026-08-07T10:26:29.391959,cachewinograd,32,64,56,56,280,1694.1259979998904
2026-08-07T10:26:29.391959,cachewinograd,32,64,56,56,281,1777.0602379998763
2026-08-07T10:26:29.391959,cachewinograd,32,64,56,56,282,1757.370015000106
2026-08-07T10:26:29.391959,cachewinograd,32,64,56,56,283,1726.980679999997
2026-08-07T10:26:29.391959,cachewinograd,32,64,56,56,284,1705.0264019999304
2026-08-07T10:26:29.391959,cachewinograd,32,64,56,56,285,1748.4171400001287
2026-08-07T10:26:29.391959,cachewinograd,32,64,56,56,286,1805.9687370000574
2026-08-07T10:26:29.391959,cachewinograd,32,64,56,56,287,1732.401930999913
2026-08-07T10:26:29.391959,cachewinograd,32,64,56,56,288,1699.2557480000414
2026-08-07T10:26:29.391959,cachewinograd,32,64,56,56,289,1758.6685839999063
2026-08-07T10:26:29.391959,cachewinograd,32,64,56,56,290,1757.4753619999228
2026-08-07T10:26:29.391959,cachewinograd,32,64,56,56,291,1760.6900880000467
2026-08-07T10:26:29.391959,cachewinograd,32,64,56,56,292,1801.2060319999819
2026-08-07T10:26:29.391959,cachewinograd,32,64,56,56,293,1640.9287100000256
2026-08-07T10:26:29.391959,cachewinograd,32,64,56,56,294,1618.4312440000213
2026-08-07T10:26:29.391959,cachewinograd,32,64,56,56,295,1586.7365359999894
2026-08-07T10:26:29.391959,cachewinograd,32,64,56,56,296,1609.8893869998392
2026-08-07T10:26:29.391959,cachewinograd,32,64,56,56,297,1575.0279039998532
2026-08-07T10:26:29.391959,cachewinograd,32,64,56,56,298,1572.2555570000623
2026-08-07T10:26:29.391959,cachewinograd,32,64,56,56,299,1589.117338000051
2026-08-07T10:26:29.391959,cachewinograd,32,64,56,56,300,1573.0500969998502
2026-08-07T10:26:29.391959,cachewinograd,32,64,56,56,301,1576.5458139999282
2026-08-07T10:26:29.391959,cachewinograd,32,64,56,56,302,1574.0280509999138
2026-08-07T10:26:29.391959,cachewinograd,32,64,56,56,303,1574.8986739999964
2026-08-07T10:26:29.391959,cachewinograd,32,64,56,56,304,1574.4779139999991
2026-08-07T10:26:29.391959,cachewinograd,32,64,56,56,305,1575.6369429998358
2026-08-07T10:26:29.391959,cachewinograd,32,64,56,56,306,1576.9185960000414
2026-08-07T10:26:29.391959,cachewinograd,32,64,56,56,307,1575.83170099997
2026-08-07T10:26:29.391959,cachewinograd,32,64,56,56,308,1572.4876230001428
2026-08-07T10:26:29.391959,cachewinograd,32,64,56,56,309,1574.9911010000233
2026-08-07T10:26:29.391959,cachewinograd,32,64,56,56,310,1571.997096000132
2026-08-07T10:26:29.391959,cachewinograd,32,64,56,56,311,1570.7361440001932
2026-08-07T10:26:29.391959,cachewinograd,32,64,56,56,312,1579.666331999988
2026-08-07T10:26:29.391959,cachewinograd,32,64,56,56,313,1574.0345860001526
2026-08-07T10:26:29.391959,cachewinograd,32,64,56,56,314,1577.181679999967
2026-08-07T10:26:29.391959,cachewinograd,32,64,56,56,315,1559.7820469999988
2026-08-07T10:26:29.391959,cachewinograd,32,64,56,56,316,1549.964904000035
2026-08-07T10:26:29.391959,cachewinograd,32,64,56,56,317,1595.0061450000703
2026-08-07T10:26:29.391959,cachewinograd,32,64,56,56,318,1559.4334689999414
2026-08-07T10:26:29.391959,cachewinograd,32,64,56,56,319,1561.857400000008
2026-08-07T10:26:29.391959,cachewinograd,32,64,56,56,320,1561.9239469999684
2026-08-07T10:26:29.391959,cachewinograd,32,64,56,56,321,1561.541360000092
2026-08-07T10:26:29.391959,cachewinograd,32,64,56,56,322,1558.0381789998228
2026-08-07T10:26:29.391959,cachewinograd,32,64,56,56,323,1562.8552879998097
2026-08-07T10:26:29.391959,cachewinograd,32,64,56,56,324,1558.452404999798
2026-08-07T10:26:29.391959,cachewinograd,32,64,56,56,325,1560.4229200000646
2026-08-07T10:26:29.391959,cachewinograd,32,64,56,56,326,1560.3345289998742
2026-08-07T10:26:29.391959,cachewinograd,32,64,56,56,327,1560.2261209999142
2026-08-07T10:26:29.391959,cachewinograd,32,64,56,56,328,1562.5147799999013
2026-08-07T10:26:29.391959,cachewinograd,32,64,56,56,329,1553.771136000023
2026-08-07T10:26:29.391959,cachewinograd,32,64,56,56,330,1552.6084550001542
2026-08-07T10:26:29.391959,cachewinograd,32,64,56,56,331,1562.51488099997
2026-08-07T10:26:29.391959,cachewinograd,32,64,56,56,332,1542.4797079999735
2026-08-07T10:26:29.391959,cachewinograd,32,64,56,56,333,1544.8984929998915
2026-08-07T10:26:29.391959,cachewinograd,32,64,56,56,334,1546.3988239998798
2026-08-07T10:26:29.391959,cachewinograd,32,64,56,56,335,1547.2100210001827
2026-08-07T10:26:29.391959,cachewinograd,32,64,56,56,336,1545.563796000124
2026-08-07T10:26:29.391959,cachewinograd,32,64,56,56,337,1544.0492069999436
2026-08-07T10:26:29.391959,cachewinograd,32,64,56,56,338,1547.2883639999964
2026-08-07T10:26:29.391959,cachewinograd,32,64,56,56,339,1546.8044340000233
2026-08-07T10:26:29.391959,cachewinograd,32,64,56,56,340,1545.3937709999082
2026-08-07T10:26:29.391959,cachewinograd,32,64,56,56,341,1545.4967269999997
2026-08-07T10:26:29.391959,cachewinograd,32,64,56,56,342,1548.509992000163
2026-08-07T10:26:29.391959,cachewinograd,32,64,56,56,343,1545.1833609999994
2026-08-07T10:26:29.391959,cachewinograd,32,64,56,56,344,1546.3373610000417
2026-08-07T10:26:29.391959,cachewinograd,32,64,56,56,345,1548.6628060000385
2026-08-07T10:26:29.391959,cachewinograd,32,64,56,56,346,1551.9212480000988
2026-08-07T10:26:29.391959,cachewinograd,32,64,56,56,347,1549.0732539999499
2026-08-07T10:26:29.391959,cachewinograd,32,64,56,56,348,1552.6722859999609
2026-08-07T10:26:29.391959,cachewinograd,32,64,56,56,349,1547.9284939999616
2026-08-07T10:26:29.391959,cachewinograd,32,64,56,56,350,1547.1194379999815
2026-08-07T10:26:29.391959,cachewinograd,32,64,56,56,351,1550.1340959999652
2026-08-07T10:26:29.391959,cachewinograd,32,64,56,56,352,1545.7362249999278
2026-08-07T10:26:29.391959,cachewinograd,32,64,56,56,353,1546.3529549999748
2026-08-07T10:26:29.391959,cachewinograd,32,64,56,56,354,1545.2340740000636
2026-08-07T10:26:29.391959,cachewinograd,32,64,56,56,355,1548.350518999996
2026-08-07T10:26:29.391959,cachewinograd,32,64,56,56,356,1546.6487460000735
2026-08-07T10:26:29.391959,cachewinograd,32,64,56,56,357,1546.7904740000904
2026-08-07T10:26:29.391959,cachewinograd,32,64,56,56,358,1550.7962060000864
2026-08-07T10:26:29.391959,cachewinograd,32,64,56,56,359,1547.5483580000855
2026-08-07T10:26:29.391959,cachewinograd,32,64,56,56,360,1547.0782169998074
2026-08-07T10:26:29.391959,cachewinograd,32,64,56,56,361,1546.1827839999387
2026-08-07T10:26:29.391959,cachewinograd,32,64,56,56,362,1543.452675000026
2026-08-07T10:26:29.391959,cachewinograd,32,64,56,56,363,1547.0314860001508
2026-08-07T10:26:29.391959,cachewinograd,32,64,56,56,364,1546.0268520000682
2026-08-07T10:26:29.391959,cachewinograd,32,64,56,56,365,1546.8523389999973
2026-08-07T10:26:29.391959,cachewinograd,32,64,56,56,366,1546.1364689999755
2026-08-07T10:26:29.391959,cachewinograd,32,64,56,56,367,1549.1936299999907
2026-08-07T10:26:29.391959,cachewinograd,32,64,56,56,368,1547.3722640001597
2026-08-07T10:26:29.391959,cachewinograd,32,64,56,56,369,1544.2208350000328
2026-08-07T10:26:29.391959,cachewinograd,32,64,56,56,370,1545.7622849999098
2026-08-07T10:26:29.391959,cachewinograd,32,64,56,56,371,1542.14484299996
2026-08-07T10:26:29.391959,cachewinograd,32,64,56,56,372,1547.0570790000693
2026-08-07T10:26:29.391959,cachewinograd,32,64,56,56,373,1540.3820379999615
2026-08-07T10:26:29.391959,cachewinograd,32,64,56,56,374,1545.2407750001385
2026-08-07T10:26:29.391959,cachewinograd,32,64,56,56,375,1540.6636679999792
2026-08-07T10:26:29.391959,cachewinograd,32,64,56,56,376,1540.987874999928
2026-08-07T10:26:29.391959,cachewinograd,32,64,56,56,377,1541.4089029998195
2026-08-07T10:26:29.391959,cachewinograd,32,64,56,56,378,1542.5165120000202
2026-08-07T10:26:29.391959,cachewinograd,32,64,56,56,379,1541.6561479999018
2026-08-07T10:26:29.391959,cachewinograd,32,64,56,56,380,1542.763541999875
2026-08-07T10:26:29.391959,cachewinograd,32,64,56,56,381,1678.7858840000354
2026-08-07T10:26:29.391959,cachewinograd,32,64,56,56,382,1562.1883069998148
2026-08-07T10:26:29.391959,cachewinograd,32,64,56,56,383,1542.1502739998232
2026-08-07T10:26:29.391959,cachewinograd,32,64,56,56,384,1543.394287999945
2026-08-07T10:26:29.391959,cachewinograd,32,64,56,56,385,1544.7004949999155
2026-08-07T10:26:29.391959,cachewinograd,32,64,56,56,386,1545.3864730000078
2026-08-07T10:26:29.391959,cachewinograd,32,64,56,56,387,1544.0764909999416
2026-08-07T10:26:29.391959,cachewinograd,32,64,56,56,388,1541.863990000138
2026-08-07T10:26:29.391959,cachewinograd,32,64,56,56,389,1557.5657750000573
2026-08-07T10:26:29.391959,cachewinograd,32,64,56,56,390,1562.037571000019
2026-08-07T10:26:29.391959,cachewinograd,32,64,56,56,391,1558.3583329998874
2026-08-07T10:26:29.391959,cachewinograd,32,64,56,56,392,1561.6889909999827
2026-08-07T10:26:29.391959,cachewinograd,32,64,56,56,393,1560.4436409998925
2026-08-07T10:26:29.391959,cachewinograd,32,64,56,56,394,1561.1995149999984
2026-08-07T10:26:29.391959,cachewinograd,32,64,56,56,395,1555.071762000125
2026-08-07T10:26:29.391959,cachewinograd,32,64,56,56,396,1546.602668000105
2026-08-07T10:26:29.391959,cachewinograd,32,64,56,56,397,1548.7132749999546
2026-08-07T10:26:29.391959,cachewinograd,32,64,56,56,398,1545.2064809999229
2026-08-07T10:26:29.391959,cachewinograd,32,64,56,56,399,1545.8155809999425
2026-08-07T10:26:29.391959,cachewinograd,32,64,56,56,400,1538.2297310000013
2026-08-07T10:26:29.391959,cachewinograd,32,64,56,56,401,1535.7860120000169
2026-08-07T10:26:29.391959,cachewinograd,32,64,56,56,402,1539.1316899999765
2026-08-07T10:26:29.391959,cachewinograd,32,64,56,56,403,1536.2953459998607
2026-08-07T10:26:29.391959,cachewinograd,32,64,56,56,404,1532.7101590000893
2026-08-07T10:26:29.391959,cachewinograd,32,64,56,56,405,1537.056406000147
2026-08-07T10:26:29.391959,cachewinograd,32,64,56,56,406,1539.2040279998582
2026-08-07T10:26:29.391959,cachewinograd,32,64,56,56,407,1535.6701439998233
2026-08-07T10:26:29.391959,cachewinograd,32,64,56,56,408,1534.2381620000651
2026-08-07T10:26:29.391959,cachewinograd,32,64,56,56,409,1535.8689879999474
2026-08-07T10:26:29.391959,cachewinograd,32,64,56,56,410,1536.740165000083
2026-08-07T10:26:29.391959,cachewinograd,32,64,56,56,411,1536.5074799999547
2026-08-07T10:26:29.391959,cachewinograd,32,64,56,56,412,1534.1913039999326
2026-08-07T10:26:29.391959,cachewinograd,32,64,56,56,413,1537.243890000127
2026-08-07T10:26:29.391959,cachewinograd,32,64,56,56,414,1536.873253999829
2026-08-07T10:26:29.391959,cachewinograd,32,64,56,56,415,1533.8710870000796
2026-08-07T10:26:29.391959,cachewinograd,32,64,56,56,416,1535.9228239999538
2026-08-07T10:26:29.391959,cachewinograd,32,64,56,56,417,1536.9008059999487
2026-08-07T10:26:29.391959,cachewinograd,32,64,56,56,418,1532.7265800001442
2026-08-07T10:26:29.391959,cachewinograd,32,64,56,56,419,1534.8971600001278
2026-08-07T10:26:29.391959,cachewinograd,32,64,56,56,420,1535.7843120000325
2026-08-07T10:26:29.391959,cachewinograd,32,64,56,56,421,1531.4182990000518
2026-08-07T10:26:29.391959,cachewinograd,32,64,56,56,422,1535.343057000091
2026-08-07T10:26:29.391959,cachewinograd,32,64,56,56,423,1556.956350000064
2026-08-07T10:26:29.391959,cachewinograd,32,64,56,56,424,1551.1381369999526
2026-08-07T10:26:29.391959,cachewinograd,32,64,56,56,425,1546.2585200000376
2026-08-07T10:26:29.391959,cachewinograd,32,64,56,56,426,1545.2785550000954
2026-08-07T10:26:29.391959,cachewinograd,32,64,56,56,427,1544.7069090000696
2026-08-07T10:26:29.391959,cachewinograd,32,64,56,56,428,1545.5947739999374
2026-08-07T10:26:29.391959,cachewinograd,32,64,56,56,429,1528.5294780001095
2026-08-07T10:26:29.391959,cachewinograd,32,64,56,56,430,1544.2075399998885
2026-08-07T10:26:29.391959,cachewinograd,32,64,56,56,431,1536.5388410000378
2026-08-07T10:26:29.391959,cachewinograd,32,64,56,56,432,1542.0210019999558
2026-08-07T10:26:29.391959,cachewinograd,32,64,56,56,433,1533.795555000097
2026-08-07T10:26:29.391959,cachewinograd,32,64,56,56,434,1538.7043110001741
2026-08-07T10:26:29.391959,cachewinograd,32,64,56,56,435,1536.0052660000747
2026-08-07T10:26:29.391959,cachewinograd,32,64,56,56,436,1545.4020629999832
2026-08-07T10:26:29.391959,cachewinograd,32,64,56,56,437,1538.4587880000709
2026-08-07T10:26:29.391959,cachewinograd,32,64,56,56,438,1536.5497889999915
2026-08-07T10:26:29.391959,cachewinograd,32,64,56,56,439,1539.1541679998682
2026-08-07T10:26:29.391959,cachewinograd,32,64,56,56,440,1534.733193999955
2026-08-07T10:26:29.391959,cachewinograd,32,64,56,56,441,1535.8648090000315
2026-08-07T10:26:29.391959,cachewinograd,32,64,56,56,442,1536.9356039998365
2026-08-07T10:26:29.391959,cachewinograd,32,64,56,56,443,1536.4927329999318
2026-08-07T10:26:29.391959,cachewinograd,32,64,56,56,444,1535.234735999893
2026-08-07T10:26:29.391959,cachewinograd,32,64,56,56,445,1537.587392999967
2026-08-07T10:26:29.391959,cachewinograd,32,64,56,56,446,1538.0064339999535
2026-08-07T10:26:29.391959,cachewinograd,32,64,56,56,447,1537.1735530000024
2026-08-07T10:26:29.391959,cachewinograd,32,64,56,56,448,1540.7062019999103
2026-08-07T10:26:29.391959,cachewinograd,32,64,56,56,449,1539.795925000135
2026-08-07T10:26:29.391959,cachewinograd,32,64,56,56,450,1538.1689379998988
2026-08-07T10:26:29.391959,cachewinograd,32,64,56,56,451,1542.359800999975
2026-08-07T10:26:29.391959,cachewinograd,32,64,56,56,452,1539.8777769999015
2026-08-07T10:26:29.391959,cachewinograd,32,64,56,56,453,1539.2551160000494
2026-08-07T10:26:29.391959,cachewinograd,32,64,56,56,454,1542.2995090000313
2026-08-07T10:26:29.391959,cachewinograd,32,64,56,56,455,1541.6176230000929
2026-08-07T10:26:29.391959,cachewinograd,32,64,56,56,456,1541.2122969999018
2026-08-07T10:26:29.391959,cachewinograd,32,64,56,56,457,1538.924925000174
2026-08-07T10:26:29.391959,cachewinograd,32,64,56,56,458,1542.078704000005
2026-08-07T10:26:29.391959,cachewinograd,32,64,56,56,459,1528.242162999959
2026-08-07T10:26:29.391959,cachewinograd,32,64,56,56,460,1530.494759000021
2026-08-07T10:26:29.391959,cachewinograd,32,64,56,56,461,1531.6687120000552
2026-08-07T10:26:29.391959,cachewinograd,32,64,56,56,462,1528.4181729998636
2026-08-07T10:26:29.391959,cachewinograd,32,64,56,56,463,1529.0561629999502
2026-08-07T10:26:29.391959,cachewinograd,32,64,56,56,464,1529.137478000166
2026-08-07T10:26:29.391959,cachewinograd,32,64,56,56,465,1529.6507719999681
2026-08-07T10:26:29.391959,cachewinograd,32,64,56,56,466,1526.673942999878
2026-08-07T10:26:29.391959,cachewinograd,32,64,56,56,467,1530.9442620000482
2026-08-07T10:26:29.391959,cachewinograd,32,64,56,56,468,1528.6682920000203
2026-08-07T10:26:29.391959,cachewinograd,32,64,56,56,469,1530.6953439999234
2026-08-07T10:26:29.391959,cachewinograd,32,64,56,56,470,1527.5304790000064
2026-08-07T10:26:29.391959,cachewinograd,32,64,56,56,471,1529.2666369998642
2026-08-07T10:26:29.391959,cachewinograd,32,64,56,56,472,1528.7815130000126
2026-08-07T10:26:29.391959,cachewinograd,32,64,56,56,473,1526.482087999966
2026-08-07T10:26:29.391959,cachewinograd,32,64,56,56,474,1527.8208909999194
2026-08-07T10:26:29.391959,cachewinograd,32,64,56,56,475,1531.9153760001427
2026-08-07T10:26:29.391959,cachewinograd,32,64,56,56,476,1528.7645620001058
2026-08-07T10:26:29.391959,cachewinograd,32,64,56,56,477,1523.4404830000585
2026-08-07T10:26:29.391959,cachewinograd,32,64,56,56,478,1522.78711200006
2026-08-07T10:26:29.391959,cachewinograd,32,64,56,56,479,1525.6208189998688
2026-08-07T10:26:29.391959,cachewinograd,32,64,56,56,480,1524.1004299998622
2026-08-07T10:26:29.391959,cachewinograd,32,64,56,56,481,1526.1656159998438
2026-08-07T10:26:29.391959,cachewinograd,32,64,56,56,482,1525.4094730000816
2026-08-07T10:26:29.391959,cachewinograd,32,64,56,56,483,1529.3627610001295
2026-08-07T10:26:29.391959,cachewinograd,32,64,56,56,484,1527.7493920000325
2026-08-07T10:26:29.391959,cachewinograd,32,64,56,56,485,1527.6529809998465
2026-08-07T10:26:29.391959,cachewinograd,32,64,56,56,486,1525.7375159999356
2026-08-07T10:26:29.391959,cachewinograd,32,64,56,56,487,1527.0586609999555
2026-08-07T10:26:29.391959,cachewinograd,32,64,56,56,488,1526.7809720000969
2026-08-07T10:26:29.391959,cachewinograd,32,64,56,56,489,1526.6911690000597
2026-08-07T10:26:29.391959,cachewinograd,32,64,56,56,490,1527.9531829999087
2026-08-07T10:26:29.391959,cachewinograd,32,64,56,56,491,1530.0128420001329
2026-08-07T10:26:29.391959,cachewinograd,32,64,56,56,492,1528.0370129999028
2026-08-07T10:26:29.391959,cachewinograd,32,64,56,56,493,1528.2638300000144
2026-08-07T10:26:29.391959,cachewinograd,32,64,56,56,494,1532.4210219998804
2026-08-07T10:26:29.391959,cachewinograd,32,64,56,56,495,1531.3822629998413
2026-08-07T10:26:29.391959,cachewinograd,32,64,56,56,496,1523.7423400001262
2026-08-07T10:26:29.391959,cachewinograd,32,64,56,56,497,1526.2661239999034
2026-08-07T10:26:29.391959,cachewinograd,32,64,56,56,498,1526.0998520000157
2026-08-07T10:26:29.391959,cachewinograd,32,64,56,56,499,1526.1766019998504
2026-08-07T10:26:29.391959,cachewinograd,32,64,56,56,500,1528.1716760000563
2026-08-07T10:26:29.391959,cachewinograd,32,64,56,56,501,1538.4370860001582
2026-08-07T10:26:29.391959,cachewinograd,32,64,56,56,502,1526.6016220000438
2026-08-07T10:26:29.391959,cachewinograd,32,64,56,56,503,1527.4156380000932
2026-08-07T10:26:29.391959,cachewinograd,32,64,56,56,504,1527.0154500001354
2026-08-07T10:26:29.391959,cachewinograd,32,64,56,56,505,1527.7155049998328
2026-08-07T10:26:29.391959,cachewinograd,32,64,56,56,506,1527.926017000027
2026-08-07T10:26:29.391959,cachewinograd,32,64,56,56,507,1534.4383030001154
2026-08-07T10:26:29.391959,cachewinograd,32,64,56,56,508,1540.1685819999784
2026-08-07T10:26:29.391959,cachewinograd,32,64,56,56,509,1584.062695000057
2026-08-07T10:26:29.391959,cachewinograd,32,64,56,56,510,1540.8475770000223
2026-08-07T10:26:29.391959,cachewinograd,32,64,56,56,511,1542.3662160001186
2026-08-07T10:26:29.391959,cachewinograd,32,64,56,56,512,1540.0465559998793
2026-08-07T10:26:29.391959,cachewinograd,32,64,56,56,513,1539.6588639998754
2026-08-07T10:26:29.391959,cachewinograd,32,64,56,56,514,1551.3876759998766
2026-08-07T10:26:29.391959,cachewinograd,32,64,56,56,515,1542.9068220000772
2026-08-07T10:26:29.391959,cachewinograd,32,64,56,56,516,1540.0173410000662
2026-08-07T10:26:29.391959,cachewinograd,32,64,56,56,517,1539.6807949998674
2026-08-07T10:26:29.391959,cachewinograd,32,64,56,56,518,1540.9509239998442
2026-08-07T10:26:29.391959,cachewinograd,32,64,56,56,519,1538.478239000142
2026-08-07T10:26:29.391959,cachewinograd,32,64,56,56,520,1550.4596729999776
2026-08-07T10:26:29.391959,cachewinograd,32,64,56,56,521,1541.2271580000834
2026-08-07T10:26:29.391959,cachewinograd,32,64,56,56,522,1539.9457199998778
2026-08-07T10:26:29.391959,cachewinograd,32,64,56,56,523,1539.0097619999779
2026-08-07T10:26:29.391959,cachewinograd,32,64,56,56,524,1540.5642830000943
2026-08-07T10:26:29.391959,cachewinograd,32,64,56,56,525,1538.0891909999264
2026-08-07T10:26:29.391959,cachewinograd,32,64,56,56,526,1540.0952960001177
2026-08-07T10:26:29.391959,cachewinograd,32,64,56,56,527,1546.760501000108
2026-08-07T10:26:29.391959,cachewinograd,32,64,56,56,528,1536.6151860000627
2026-08-07T10:26:29.391959,cachewinograd,32,64,56,56,529,1539.0177030001269
2026-08-07T10:26:29.391959,cachewinograd,32,64,56,56,530,1545.1650820000395
2026-08-07T10:26:29.391959,cachewinograd,32,64,56,56,531,1539.5223489999807
2026-08-07T10:26:29.391959,cachewinograd,32,64,56,56,532,1538.2240819999424
2026-08-07T10:26:29.391959,cachewinograd,32,64,56,56,533,1540.1047579998703
2026-08-07T10:26:29.391959,cachewinograd,32,64,56,56,534,1550.3525740000441
2026-08-07T10:26:29.391959,cachewinograd,32,64,56,56,535,1540.4615299999023
2026-08-07T10:26:29.391959,cachewinograd,32,64,56,56,536,1535.703883999986
2026-08-07T10:26:29.391959,cachewinograd,32,64,56,56,537,1541.1945680000372
2026-08-07T10:26:29.391959,cachewinograd,32,64,56,56,538,1542.20446599993
2026-08-07T10:26:29.391959,cachewinograd,32,64,56,56,539,1537.5832929998978
2026-08-07T10:26:29.391959,cachewinograd,32,64,56,56,540,1544.5477279999977
2026-08-07T10:26:29.391959,cachewinograd,32,64,56,56,541,1539.2398039998625
2026-08-07T10:26:29.391959,cachewinograd,32,64,56,56,542,1539.028399000017
2026-08-07T10:26:29.391959,cachewinograd,32,64,56,56,543,1538.0118079999647
2026-08-07T10:26:29.391959,cachewinograd,32,64,56,56,544,1537.164907000033
2026-08-07T10:26:29.391959,cachewinograd,32,64,56,56,545,1539.0457880000668
2026-08-07T10:26:29.391959,cachewinograd,32,64,56,56,546,1538.8045929998952
2026-08-07T10:26:29.391959,cachewinograd,32,64,56,56,547,1538.537873999985
2026-08-07T10:26:29.391959,cachewinograd,32,64,56,56,548,1539.5043369999257
2026-08-07T10:26:29.391959,cachewinograd,32,64,56,56,549,1537.1259060000284
2026-08-07T10:26:29.391959,cachewinograd,32,64,56,56,550,1537.5210949998745
2026-08-07T10:26:29.391959,cachewinograd,32,64,56,56,551,1539.9574620000749
2026-08-07T10:26:29.391959,cachewinograd,32,64,56,56,552,1538.5240799998883
2026-08-07T10:26:29.391959,cachewinograd,32,64,56,56,553,1540.7267359998968
2026-08-07T10:26:29.391959,cachewinograd,32,64,56,56,554,1537.9081860000952
2026-08-07T10:26:29.391959,cachewinograd,32,64,56,56,555,1537.729747000185
2026-08-07T10:26:29.391959,cachewinograd,32,64,56,56,556,1538.868821000051
2026-08-07T10:26:29.391959,cachewinograd,32,64,56,56,557,1539.6615199999815
2026-08-07T10:26:29.391959,cachewinograd,32,64,56,56,558,1537.982286999977
2026-08-07T10:26:29.391959,cachewinograd,32,64,56,56,559,1538.9167659998293
2026-08-07T10:26:29.391959,cachewinograd,32,64,56,56,560,1537.7630210000461
2026-08-07T10:26:29.391959,cachewinograd,32,64,56,56,561,1540.1008460000867
2026-08-07T10:26:29.391959,cachewinograd,32,64,56,56,562,1539.6472360000644
2026-08-07T10:26:29.391959,cachewinograd,32,64,56,56,563,1537.878365000097
2026-08-07T10:26:29.391959,cachewinograd,32,64,56,56,564,1538.549021000108
2026-08-07T10:26:29.391959,cachewinograd,32,64,56,56,565,1539.7973199999342
2026-08-07T10:26:29.391959,cachewinograd,32,64,56,56,566,1537.7180580001095
2026-08-07T10:26:29.391959,cachewinograd,32,64,56,56,567,1537.5209249998534
2026-08-07T10:26:29.391959,cachewinograd,32,64,56,56,568,1538.9711489999627
2026-08-07T10:26:29.391959,cachewinograd,32,64,56,56,569,1543.5052699999687
2026-08-07T10:26:29.391959,cachewinograd,32,64,56,56,570,1535.1495770000838
2026-08-07T10:26:29.391959,cachewinograd,32,64,56,56,571,1536.8189280000024
2026-08-07T10:26:29.391959,cachewinograd,32,64,56,56,572,1537.2099930000331
2026-08-07T10:26:29.391959,cachewinograd,32,64,56,56,573,1531.3459229998898
2026-08-07T10:26:29.391959,cachewinograd,32,64,56,56,574,1526.5347680001469
2026-08-07T10:26:29.391959,cachewinograd,32,64,56,56,575,1524.5697289999498
2026-08-07T10:26:29.391959,cachewinograd,32,64,56,56,576,1526.1245449999024
2026-08-07T10:26:29.391959,cachewinograd,32,64,56,56,577,1525.1861660001396
2026-08-07T10:26:29.391959,cachewinograd,32,64,56,56,578,1524.1108089999216
2026-08-07T10:26:29.391959,cachewinograd,32,64,56,56,579,1526.2094950001028
2026-08-07T10:26:29.391959,cachewinograd,32,64,56,56,580,1526.8233310000596
2026-08-07T10:26:29.391959,cachewinograd,32,64,56,56,581,1525.716660000171
2026-08-07T10:26:29.391959,cachewinograd,32,64,56,56,582,1524.1206010000496
2026-08-07T10:26:29.391959,cachewinograd,32,64,56,56,583,1524.2550819998542
2026-08-07T10:26:29.391959,cachewinograd,32,64,56,56,584,1526.463258999911
2026-08-07T10:26:29.391959,cachewinograd,32,64,56,56,585,1525.851300000113
2026-08-07T10:26:29.391959,cachewinograd,32,64,56,56,586,1526.9143699999859
2026-08-07T10:26:29.391959,cachewinograd,32,64,56,56,587,1526.470960999859
2026-08-07T10:26:29.391959,cachewinograd,32,64,56,56,588,1526.9113450001441
2026-08-07T10:26:29.391959,cachewinograd,32,64,56,56,589,1530.7863660000294
2026-08-07T10:26:29.391959,cachewinograd,32,64,56,56,590,1526.0663520000435
2026-08-07T10:26:29.391959,cachewinograd,32,64,56,56,591,1527.5303250000434
2026-08-07T10:26:29.391959,cachewinograd,32,64,56,56,592,1531.5625920000002
2026-08-07T10:26:29.391959,cachewinograd,32,64,56,56,593,1530.3243559999373
2026-08-07T10:26:29.391959,cachewinograd,32,64,56,56,594,1529.6113469999
2026-08-07T10:26:29.391959,cachewinograd,32,64,56,56,595,1528.7192729999788
2026-08-07T10:26:29.391959,cachewinograd,32,64,56,56,596,1527.571398999953
2026-08-07T10:26:29.391959,cachewinograd,32,64,56,56,597,1526.932201999898
2026-08-07T10:26:29.391959,cachewinograd,32,64,56,56,598,1528.1558429999222
2026-08-07T10:26:29.391959,cachewinograd,32,64,56,56,599,1530.0343159999557
2026-08-07T10:26:29.391959,cachewinograd,32,64,56,56,600,1528.3917290000772
2026-08-07T10:26:29.391959,cachewinograd,32,64,56,56,601,1534.1330920000473
2026-08-07T10:26:29.391959,cachewinograd,32,64,56,56,602,1528.4737539998332
2026-08-07T10:26:29.391959,cachewinograd,32,64,56,56,603,1533.4173669998563
2026-08-07T10:26:29.391959,cachewinograd,32,64,56,56,604,1549.8207350001394
2026-08-07T10:26:29.391959,cachewinograd,32,64,56,56,605,1550.339245000032
2026-08-07T10:26:29.391959,cachewinograd,32,64,56,56,606,1549.5217010000033
2026-08-07T10:26:29.391959,cachewinograd,32,64,56,56,607,1553.169834000073
2026-08-07T10:26:29.391959,cachewinograd,32,64,56,56,608,1550.2938600000107
2026-08-07T10:26:29.391959,cachewinograd,32,64,56,56,609,1552.1485209999355
2026-08-07T10:26:29.391959,cachewinograd,32,64,56,56,610,1552.0783070001016
2026-08-07T10:26:29.391959,cachewinograd,32,64,56,56,611,1552.477898999996
2026-08-07T10:26:29.391959,cachewinograd,32,64,56,56,612,1552.0118299998558
2026-08-07T10:26:29.391959,cachewinograd,32,64,56,56,613,1549.8300500000823
2026-08-07T10:26:29.391959,cachewinograd,32,64,56,56,614,1554.91929599998
2026-08-07T10:26:29.391959,cachewinograd,32,64,56,56,615,1553.062324000166
2026-08-07T10:26:29.391959,cachewinograd,32,64,56,56,616,1553.2633140001053
2026-08-07T10:26:29.391959,cachewinograd,32,64,56,56,617,1549.2439490001289
2026-08-07T10:26:29.391959,cachewinograd,32,64,56,56,618,1553.7511819998144
2026-08-07T10:26:29.391959,cachewinograd,32,64,56,56,619,1552.1849060000932
2026-08-07T10:26:29.391959,cachewinograd,32,64,56,56,620,1552.033425000218
2026-08-07T10:26:29.391959,cachewinograd,32,64,56,56,621,1553.3226479999485
2026-08-07T10:26:29.391959,cachewinograd,32,64,56,56,622,1551.5559360001134
2026-08-07T10:26:29.391959,cachewinograd,32,64,56,56,623,1552.879012999938
2026-08-07T10:26:29.391959,cachewinograd,32,64,56,56,624,1549.567333000141
2026-08-07T10:26:29.391959,cachewinograd,32,64,56,56,625,1550.7232620000195
2026-08-07T10:26:29.391959,cachewinograd,32,64,56,56,626,1551.360208999995
2026-08-07T10:26:29.391959,cachewinograd,32,64,56,56,627,1559.4264660001045
2026-08-07T10:26:29.391959,cachewinograd,32,64,56,56,628,1563.7825510000312
2026-08-07T10:26:29.391959,cachewinograd,32,64,56,56,629,1560.3514350000296
2026-08-07T10:26:29.391959,cachewinograd,32,64,56,56,630,1562.6447659999485
2026-08-07T10:26:29.391959,cachewinograd,32,64,56,56,631,1567.381227999931
2026-08-07T10:26:29.391959,cachewinograd,32,64,56,56,632,1563.087730999996
2026-08-07T10:26:29.391959,cachewinograd,32,64,56,56,633,1562.2384060000059
2026-08-07T10:26:29.391959,cachewinograd,32,64,56,56,634,1558.723850999968
2026-08-07T10:26:29.391959,cachewinograd,32,64,56,56,635,1562.224944000036
2026-08-07T10:26:29.391959,cachewinograd,32,64,56,56,636,1552.402999999913
2026-08-07T10:26:29.391959,cachewinograd,32,64,56,56,637,1552.493983999966
2026-08-07T10:26:29.391959,cachewinograd,32,64,56,56,638,1551.2041660001614
2026-08-07T10:26:29.391959,cachewinograd,32,64,56,56,639,1555.8533870000701
2026-08-07T10:26:29.391959,cachewinograd,32,64,56,56,640,1557.4724069999775
2026-08-07T10:26:29.391959,cachewinograd,32,64,56,56,641,1603.398402000039
2026-08-07T10:26:29.391959,cachewinograd,32,64,56,56,642,1582.0753850000528
2026-08-07T10:26:29.391959,cachewinograd,32,64,56,56,643,1588.4185390000312
2026-08-07T10:26:29.391959,cachewinograd,32,64,56,56,644,1612.2975420000785
2026-08-07T10:26:29.391959,cachewinograd,32,64,56,56,645,1562.9904659999738
2026-08-07T10:26:29.391959,cachewinograd,32,64,56,56,646,1560.4607469999792
2026-08-07T10:26:29.391959,cachewinograd,32,64,56,56,647,1569.0389039998536
2026-08-07T10:26:29.391959,cachewinograd,32,64,56,56,648,1562.8070260002005
2026-08-07T10:26:29.391959,cachewinograd,32,64,56,56,649,1565.9397140000237
2026-08-07T10:26:29.391959,cachewinograd,32,64,56,56,650,1562.8303280000182
2026-08-07T10:26:29.391959,cachewinograd,32,64,56,56,651,1562.2769550000157
2026-08-07T10:26:29.391959,cachewinograd,32,64,56,56,652,1564.0450419998615
2026-08-07T10:26:29.391959,cachewinograd,32,64,56,56,653,1563.1777979999697
2026-08-07T10:26:29.391959,cachewinograd,32,64,56,56,654,1560.598956000149
2026-08-07T10:26:29.391959,cachewinograd,32,64,56,56,655,1564.5768399999724
2026-08-07T10:26:29.391959,cachewinograd,32,64,56,56,656,1563.341815000058
2026-08-07T10:26:29.391959,cachewinograd,32,64,56,56,657,1560.1592989999062
2026-08-07T10:26:29.391959,cachewinograd,32,64,56,56,658,1564.4417290000092
2026-08-07T10:26:29.391959,cachewinograd,32,64,56,56,659,1559.6838740000294
2026-08-07T10:26:29.391959,cachewinograd,32,64,56,56,660,1563.0381890000535
2026-08-07T10:26:29.391959,cachewinograd,32,64,56,56,661,1563.4661569999935
2026-08-07T10:26:29.391959,cachewinograd,32,64,56,56,662,1557.2750060000544
2026-08-07T10:26:29.391959,cachewinograd,32,64,56,56,663,1543.8313130000552
2026-08-07T10:26:29.391959,cachewinograd,32,64,56,56,664,1541.584622000073
2026-08-07T10:26:29.391959,cachewinograd,32,64,56,56,665,1539.959940000017
2026-08-07T10:26:29.391959,cachewinograd,32,64,56,56,666,1540.1650320000044
2026-08-07T10:26:29.391959,cachewinograd,32,64,56,56,667,1538.491206999879
2026-08-07T10:26:29.391959,cachewinograd,32,64,56,56,668,1536.9893439997213
2026-08-07T10:26:29.391959,cachewinograd,32,64,56,56,669,1541.1628439997003
2026-08-07T10:26:29.391959,cachewinograd,32,64,56,56,670,1536.5325550001216
2026-08-07T10:26:29.391959,cachewinograd,32,64,56,56,671,1539.7912829998859
2026-08-07T10:26:29.391959,cachewinograd,32,64,56,56,672,1540.4531269996369
2026-08-07T10:26:29.391959,cachewinograd,32,64,56,56,673,1536.2530190000143
2026-08-07T10:26:29.391959,cachewinograd,32,64,56,56,674,1538.3172110000487
2026-08-07T10:26:29.391959,cachewinograd,32,64,56,56,675,1537.292067999715
2026-08-07T10:26:29.391959,cachewinograd,32,64,56,56,676,1537.0936229996914
2026-08-07T10:26:29.391959,cachewinograd,32,64,56,56,677,1537.4868670000978
2026-08-07T10:26:29.391959,cachewinograd,32,64,56,56,678,1543.501999
2026-08-07T10:26:29.391959,cachewinograd,32,64,56,56,679,1537.026846000117
2026-08-07T10:26:29.391959,cachewinograd,32,64,56,56,680,1540.7215250002082
2026-08-07T10:26:29.391959,cachewinograd,32,64,56,56,681,1539.6465299995725
2026-08-07T10:26:29.391959,cachewinograd,32,64,56,56,682,1538.5326870000426
2026-08-07T10:26:29.391959,cachewinograd,32,64,56,56,683,1537.704210999891
2026-08-07T10:26:29.391959,cachewinograd,32,64,56,56,684,1539.0179639998678
2026-08-07T10:26:29.391959,cachewinograd,32,64,56,56,685,1538.7083620003068
2026-08-07T10:26:29.391959,cachewinograd,32,64,56,56,686,1544.1170159997455
2026-08-07T10:26:29.391959,cachewinograd,32,64,56,56,687,1541.119236999748
2026-08-07T10:26:29.391959,cachewinograd,32,64,56,56,688,1540.2369099997486
2026-08-07T10:26:29.391959,cachewinograd,32,64,56,56,689,1541.079284999796
2026-08-07T10:26:29.391959,cachewinograd,32,64,56,56,690,1541.5039330000582
2026-08-07T10:26:29.391959,cachewinograd,32,64,56,56,691,1539.8389189999762
2026-08-07T10:26:29.391959,cachewinograd,32,64,56,56,692,1539.6889080002438
2026-08-07T10:26:29.391959,cachewinograd,32,64,56,56,693,1554.0765659998215
2026-08-07T10:26:29.391959,cachewinograd,32,64,56,56,694,1553.4090840001227
2026-08-07T10:26:29.391959,cachewinograd,32,64,56,56,695,1553.6076909997973
2026-08-07T10:26:29.391959,cachewinograd,32,64,56,56,696,1555.0520130000223
2026-08-07T10:26:29.391959,cachewinograd,32,64,56,56,697,1558.328758999778
2026-08-07T10:26:29.391959,cachewinograd,32,64,56,56,698,1555.917043000136
2026-08-07T10:26:29.391959,cachewinograd,32,64,56,56,699,1549.0854639997451
2026-08-07T10:26:29.391959,cachewinograd,32,64,56,56,700,1549.141662999773
2026-08-07T10:26:29.391959,cachewinograd,32,64,56,56,701,1550.11367599991
2026-08-07T10:26:29.391959,cachewinograd,32,64,56,56,702,1549.2420759997003
2026-08-07T10:26:29.391959,cachewinograd,32,64,56,56,703,1548.8923160000923
2026-08-07T10:26:29.391959,cachewinograd,32,64,56,56,704,1550.757132000399
2026-08-07T10:26:29.391959,cachewinograd,32,64,56,56,705,1546.9484810000722
2026-08-07T10:26:29.391959,cachewinograd,32,64,56,56,706,1551.4109519999693
2026-08-07T10:26:29.391959,cachewinograd,32,64,56,56,707,1548.3606129996588
2026-08-07T10:26:29.391959,cachewinograd,32,64,56,56,708,1550.0212510000893
2026-08-07T10:26:29.391959,cachewinograd,32,64,56,56,709,1550.056091999977
2026-08-07T10:26:29.391959,cachewinograd,32,64,56,56,710,1547.8702160003195
2026-08-07T10:26:29.391959,cachewinograd,32,64,56,56,711,1548.894732000008
2026-08-07T10:26:29.391959,cachewinograd,32,64,56,56,712,1556.6893650002385
2026-08-07T10:26:29.391959,cachewinograd,32,64,56,56,713,1560.635720999926
2026-08-07T10:26:29.391959,cachewinograd,32,64,56,56,714,1560.6870700003128
2026-08-07T10:26:29.391959,cachewinograd,32,64,56,56,715,1559.3865989999358
2026-08-07T10:26:29.391959,cachewinograd,32,64,56,56,716,1557.6008940001884
2026-08-07T10:26:29.391959,cachewinograd,32,64,56,56,717,1562.8412609999032
2026-08-07T10:26:29.391959,cachewinograd,32,64,56,56,718,1560.6956459996582
2026-08-07T10:26:29.391959,cachewinograd,32,64,56,56,719,1560.248017000049
2026-08-07T10:26:29.391959,cachewinograd,32,64,56,56,720,1560.895176000031
2026-08-07T10:26:29.391959,cachewinograd,32,64,56,56,721,1562.1028729997306
2026-08-07T10:26:29.391959,cachewinograd,32,64,56,56,722,1559.1071240000929
2026-08-07T10:26:29.391959,cachewinograd,32,64,56,56,723,1555.3460229998564
2026-08-07T10:26:29.391959,cachewinograd,32,64,56,56,724,1558.1868650001525
2026-08-07T10:26:29.391959,cachewinograd,32,64,56,56,725,1560.12323799996
2026-08-07T10:26:29.391959,cachewinograd,32,64,56,56,726,1559.2378330002248
2026-08-07T10:26:29.391959,cachewinograd,32,64,56,56,727,1556.055299000036
2026-08-07T10:26:29.391959,cachewinograd,32,64,56,56,728,1557.6479609999296
2026-08-07T10:26:29.391959,cachewinograd,32,64,56,56,729,1563.0308330000844
2026-08-07T10:26:29.391959,cachewinograd,32,64,56,56,730,1559.3255660000978
2026-08-07T10:26:29.391959,cachewinograd,32,64,56,56,731,1560.40086899975
2026-08-07T10:26:29.391959,cachewinograd,32,64,56,56,732,1563.3023840000533
2026-08-07T10:26:29.391959,cachewinograd,32,64,56,56,733,1549.5072799999434
2026-08-07T10:26:29.391959,cachewinograd,32,64,56,56,734,1542.0147219997489
2026-08-07T10:26:29.391959,cachewinograd,32,64,56,56,735,1535.3638159999718
2026-08-07T10:26:29.391959,cachewinograd,32,64,56,56,736,1534.2701160002434
2026-08-07T10:26:29.391959,cachewinograd,32,64,56,56,737,1536.3896720000412
2026-08-07T10:26:29.391959,cachewinograd,32,64,56,56,738,1536.2177309998515
2026-08-07T10:26:29.391959,cachewinograd,32,64,56,56,739,1547.3321370000122
2026-08-07T10:26:29.391959,cachewinograd,32,64,56,56,740,1547.0250330004092
2026-08-07T10:26:29.391959,cachewinograd,32,64,56,56,741,1538.1540819998918
2026-08-07T10:26:29.391959,cachewinograd,32,64,56,56,742,1546.695471000021
2026-08-07T10:26:29.391959,cachewinograd,32,64,56,56,743,1548.9834190002512
2026-08-07T10:26:29.391959,cachewinograd,32,64,56,56,744,1547.8432079999038
2026-08-07T10:26:29.391959,cachewinograd,32,64,56,56,745,1548.2047739997142
2026-08-07T10:26:29.391959,cachewinograd,32,64,56,56,746,1554.8293110000486
2026-08-07T10:26:29.391959,cachewinograd,32,64,56,56,747,1549.3886080002994
2026-08-07T10:26:29.391959,cachewinograd,32,64,56,56,748,1549.3127079998885
2026-08-07T10:26:29.391959,cachewinograd,32,64,56,56,749,1547.9346210004223
2026-08-07T10:26:29.391959,cachewinograd,32,64,56,56,750,1549.5442070000536
2026-08-07T10:26:29.391959,cachewinograd,32,64,56,56,751,1549.0826190002736
2026-08-07T10:26:29.391959,cachewinograd,32,64,56,56,752,1545.047747999888
2026-08-07T10:26:29.391959,cachewinograd,32,64,56,56,753,1547.5849819999894
2026-08-07T10:26:29.391959,cachewinograd,32,64,56,56,754,1546.958953000285
2026-08-07T10:26:29.391959,cachewinograd,32,64,56,56,755,1550.6090450003285
2026-08-07T10:26:29.391959,cachewinograd,32,64,56,56,756,1548.557073000211
2026-08-07T10:26:29.391959,cachewinograd,32,64,56,56,757,1547.0261129999017
2026-08-07T10:26:29.391959,cachewinograd,32,64,56,56,758,1546.4231070000096
2026-08-07T10:26:29.391959,cachewinograd,32,64,56,56,759,1551.2593909998031
2026-08-07T10:26:29.391959,cachewinograd,32,64,56,56,760,1547.8595519998635
2026-08-07T10:26:29.391959,cachewinograd,32,64,56,56,761,1547.0669530000123
2026-08-07T10:26:29.391959,cachewinograd,32,64,56,56,762,1542.2920559999511
2026-08-07T10:26:29.391959,cachewinograd,32,64,56,56,763,1526.5421609997247
2026-08-07T10:26:29.391959,cachewinograd,32,64,56,56,764,1527.539901000182
2026-08-07T10:26:29.391959,cachewinograd,32,64,56,56,765,1525.611420000132
2026-08-07T10:26:29.391959,cachewinograd,32,64,56,56,766,1530.5850559998362
2026-08-07T10:26:29.391959,cachewinograd,32,64,56,56,767,1522.8723199998058
2026-08-07T10:26:29.391959,cachewinograd,32,64,56,56,768,1525.7165430002715
2026-08-07T10:26:29.391959,cachewinograd,32,64,56,56,769,1523.9385879999645
2026-08-07T10:26:29.391959,cachewinograd,32,64,56,56,770,1524.9106990004293
2026-08-07T10:26:29.391959,cachewinograd,32,64,56,56,771,1525.5529510000088
2026-08-07T10:26:29.391959,cachewinograd,32,64,56,56,772,1530.3972570000042
2026-08-07T10:26:29.391959,cachewinograd,32,64,56,56,773,1522.5799340000776
2026-08-07T10:26:29.391959,cachewinograd,32,64,56,56,774,1523.334689999956
2026-08-07T10:26:29.391959,cachewinograd,32,64,56,56,775,1523.8506880000386
2026-08-07T10:26:29.391959,cachewinograd,32,64,56,56,776,1523.335651999787
2026-08-07T10:26:29.391959,cachewinograd,32,64,56,56,777,1526.3948299998447
2026-08-07T10:26:29.391959,cachewinograd,32,64,56,56,778,1526.3343419997
2026-08-07T10:26:29.391959,cachewinograd,32,64,56,56,779,1527.6539160004177
2026-08-07T10:26:29.391959,cachewinograd,32,64,56,56,780,1523.8960830001815
2026-08-07T10:26:29.391959,cachewinograd,32,64,56,56,781,1524.767776000317
2026-08-07T10:26:29.391959,cachewinograd,32,64,56,56,782,1525.0896980001016
2026-08-07T10:26:29.391959,cachewinograd,32,64,56,56,783,1524.0318809997007
2026-08-07T10:26:29.391959,cachewinograd,32,64,56,56,784,1523.6187189998418
2026-08-07T10:26:29.391959,cachewinograd,32,64,56,56,785,1525.6511900001897
2026-08-07T10:26:29.391959,cachewinograd,32,64,56,56,786,1533.1211749999056
2026-08-07T10:26:29.391959,cachewinograd,32,64,56,56,787,1525.776943999972
2026-08-07T10:26:29.391959,cachewinograd,32,64,56,56,788,1525.0728339997295
2026-08-07T10:26:29.391959,cachewinograd,32,64,56,56,789,1525.8970740001132
2026-08-07T10:26:29.391959,cachewinograd,32,64,56,56,790,1525.8358559999579
2026-08-07T10:26:29.391959,cachewinograd,32,64,56,56,791,1527.2814239997388
2026-08-07T10:26:29.391959,cachewinograd,32,64,56,56,792,1527.6792370000294
2026-08-07T10:26:29.391959,cachewinograd,32,64,56,56,793,1524.565753999923
2026-08-07T10:26:29.391959,cachewinograd,32,64,56,56,794,1524.6201670001938
2026-08-07T10:26:29.391959,cachewinograd,32,64,56,56,795,1549.9524829997426
2026-08-07T10:26:29.391959,cachewinograd,32,64,56,56,796,1546.3470019999477
2026-08-07T10:26:29.391959,cachewinograd,32,64,56,56,797,1549.5877999996992
2026-08-07T10:26:29.391959,cachewinograd,32,64,56,56,798,1547.9339660000733
2026-08-07T10:26:29.391959,cachewinograd,32,64,56,56,799,1549.5759440000256
2026-08-07T10:26:29.391959,cachewinograd,32,64,56,56,800,1546.1795900000652
2026-08-07T10:26:29.391959,cachewinograd,32,64,56,56,801,1548.9268760002233
2026-08-07T10:26:29.391959,cachewinograd,32,64,56,56,802,1545.9053250001489
2026-08-07T10:26:29.391959,cachewinograd,32,64,56,56,803,1548.8723099997515
2026-08-07T10:26:29.391959,cachewinograd,32,64,56,56,804,1546.5880809997543
2026-08-07T10:26:29.391959,cachewinograd,32,64,56,56,805,1549.326619999647
2026-08-07T10:26:29.391959,cachewinograd,32,64,56,56,806,1552.9033699999673
2026-08-07T10:26:29.391959,cachewinograd,32,64,56,56,807,1548.9056850001361
2026-08-07T10:26:29.391959,cachewinograd,32,64,56,56,808,1548.3692870002415
2026-08-07T10:26:29.391959,cachewinograd,32,64,56,56,809,1550.5879110000933
2026-08-07T10:26:29.391959,cachewinograd,32,64,56,56,810,1551.9327409997459
2026-08-07T10:26:29.391959,cachewinograd,32,64,56,56,811,1546.7477629999848
2026-08-07T10:26:29.391959,cachewinograd,32,64,56,56,812,1549.1198770000665
2026-08-07T10:26:29.391959,cachewinograd,32,64,56,56,813,1549.299660000088
2026-08-07T10:26:29.391959,cachewinograd,32,64,56,56,814,1551.6444320001028
2026-08-07T10:26:29.391959,cachewinograd,32,64,56,56,815,1546.6162789998634
2026-08-07T10:26:29.391959,cachewinograd,32,64,56,56,816,1548.2687829999122
2026-08-07T10:26:29.391959,cachewinograd,32,64,56,56,817,1549.0460369996981
2026-08-07T10:26:29.391959,cachewinograd,32,64,56,56,818,1547.1915660000377
2026-08-07T10:26:29.391959,cachewinograd,32,64,56,56,819,1547.980798000026
2026-08-07T10:26:29.391959,cachewinograd,32,64,56,56,820,1546.6103590001694
2026-08-07T10:26:29.391959,cachewinograd,32,64,56,56,821,1545.4066400002375
2026-08-07T10:26:29.391959,cachewinograd,32,64,56,56,822,1548.3532089997425
2026-08-07T10:26:29.391959,cachewinograd,32,64,56,56,823,1549.942269999974
2026-08-07T10:26:29.391959,cachewinograd,32,64,56,56,824,1547.8780990001724
2026-08-07T10:26:29.391959,cachewinograd,32,64,56,56,825,1552.4833849999595
2026-08-07T10:26:29.391959,cachewinograd,32,64,56,56,826,1548.6647100001392
2026-08-07T10:26:29.391959,cachewinograd,32,64,56,56,827,1548.1849850002618
2026-08-07T10:26:29.391959,cachewinograd,32,64,56,56,828,1544.0378039997995
2026-08-07T10:26:29.391959,cachewinograd,32,64,56,56,829,1553.3400670001356
2026-08-07T10:26:29.391959,cachewinograd,32,64,56,56,830,1549.741450000056
2026-08-07T10:26:29.391959,cachewinograd,32,64,56,56,831,1547.6551450001352
2026-08-07T10:26:29.391959,cachewinograd,32,64,56,56,832,1541.3526620000084
2026-08-07T10:26:29.391959,cachewinograd,32,64,56,56,833,1540.549067000029
2026-08-07T10:26:29.391959,cachewinograd,32,64,56,56,834,1538.998822999929
2026-08-07T10:26:29.391959,cachewinograd,32,64,56,56,835,1535.7603809998182
2026-08-07T10:26:29.391959,cachewinograd,32,64,56,56,836,1539.2133239997747
2026-08-07T10:26:29.391959,cachewinograd,32,64,56,56,837,1537.9978329997357
2026-08-07T10:26:29.391959,cachewinograd,32,64,56,56,838,1537.852027000099
2026-08-07T10:26:29.391959,cachewinograd,32,64,56,56,839,1553.9860429998953
2026-08-07T10:26:29.391959,cachewinograd,32,64,56,56,840,1536.729854999976
2026-08-07T10:26:29.391959,cachewinograd,32,64,56,56,841,1542.3405450001155
2026-08-07T10:26:29.391959,cachewinograd,32,64,56,56,842,1548.6813779998556
2026-08-07T10:26:29.391959,cachewinograd,32,64,56,56,843,1543.8262990001022
2026-08-07T10:26:29.391959,cachewinograd,32,64,56,56,844,1543.741327999669
2026-08-07T10:26:29.391959,cachewinograd,32,64,56,56,845,1549.382542999865
2026-08-07T10:26:29.391959,cachewinograd,32,64,56,56,846,1537.8676949999317
2026-08-07T10:26:29.391959,cachewinograd,32,64,56,56,847,1543.8742400001502
2026-08-07T10:26:29.391959,cachewinograd,32,64,56,56,848,1537.5034690000575
2026-08-07T10:26:29.391959,cachewinograd,32,64,56,56,849,1540.0318420001895
2026-08-07T10:26:29.391959,cachewinograd,32,64,56,56,850,1543.984908999846
2026-08-07T10:26:29.391959,cachewinograd,32,64,56,56,851,1544.382876000327
2026-08-07T10:26:29.391959,cachewinograd,32,64,56,56,852,1545.5211309999868
2026-08-07T10:26:29.391959,cachewinograd,32,64,56,56,853,1546.1666100000002
2026-08-07T10:26:29.391959,cachewinograd,32,64,56,56,854,1544.631205999849
2026-08-07T10:26:29.391959,cachewinograd,32,64,56,56,855,1547.654651999892
2026-08-07T10:26:29.391959,cachewinograd,32,64,56,56,856,1545.6067260001873
2026-08-07T10:26:29.391959,cachewinograd,32,64,56,56,857,1544.7218740000608
2026-08-07T10:26:29.391959,cachewinograd,32,64,56,56,858,1546.1951470001623
2026-08-07T10:26:29.391959,cachewinograd,32,64,56,56,859,1545.3314420001334
2026-08-07T10:26:29.391959,cachewinograd,32,64,56,56,860,1550.0015729999177
2026-08-07T10:26:29.391959,cachewinograd,32,64,56,56,861,1545.1408149997405
2026-08-07T10:26:29.391959,cachewinograd,32,64,56,56,862,1544.16512600028
2026-08-07T10:26:29.391959,cachewinograd,32,64,56,56,863,1546.2905079998563
2026-08-07T10:26:29.391959,cachewinograd,32,64,56,56,864,1546.9923959999505
2026-08-07T10:26:29.391959,cachewinograd,32,64,56,56,865,1543.7670199999047
2026-08-07T10:26:29.391959,cachewinograd,32,64,56,56,866,1545.3060240001832
2026-08-07T10:26:29.391959,cachewinograd,32,64,56,56,867,1545.2988649999497
2026-08-07T10:26:29.391959,cachewinograd,32,64,56,56,868,1541.2575699997433
2026-08-07T10:26:29.391959,cachewinograd,32,64,56,56,869,1543.151276000117
2026-08-07T10:26:29.391959,cachewinograd,32,64,56,56,870,1544.5081359998767
2026-08-07T10:26:29.391959,cachewinograd,32,64,56,56,871,1645.0101230002474
2026-08-07T10:26:29.391959,cachewinograd,32,64,56,56,872,1764.7517169998537
2026-08-07T10:26:29.391959,cachewinograd,32,64,56,56,873,1770.6415990001005
2026-08-07T10:26:29.391959,cachewinograd,32,64,56,56,874,1731.1197799999718
2026-08-07T10:26:29.391959,cachewinograd,32,64,56,56,875,1724.0843989998211
2026-08-07T10:26:29.391959,cachewinograd,32,64,56,56,876,1736.198408999826
2026-08-07T10:26:29.391959,cachewinograd,32,64,56,56,877,1732.0778440002869
2026-08-07T10:26:29.391959,cachewinograd,32,64,56,56,878,1600.0762280000345
2026-08-07T10:26:29.391959,cachewinograd,32,64,56,56,879,1705.0312920000579
2026-08-07T10:26:29.391959,cachewinograd,32,64,56,56,880,1738.161708000007
2026-08-07T10:26:29.391959,cachewinograd,32,64,56,56,881,1702.8053260000888
2026-08-07T10:26:29.391959,cachewinograd,32,64,56,56,882,1670.819819999906
2026-08-07T10:26:29.391959,cachewinograd,32,64,56,56,883,1694.5237720001387
2026-08-07T10:26:29.391959,cachewinograd,32,64,56,56,884,1615.8667059999061
2026-08-07T10:26:29.391959,cachewinograd,32,64,56,56,885,1547.4289929998122
2026-08-07T10:26:29.391959,cachewinograd,32,64,56,56,886,1641.2301870000192
2026-08-07T10:26:29.391959,cachewinograd,32,64,56,56,887,1589.0315860001465
2026-08-07T10:26:29.391959,cachewinograd,32,64,56,56,888,1739.237022999987
2026-08-07T10:26:29.391959,cachewinograd,32,64,56,56,889,1682.3174829996788
2026-08-07T10:26:29.391959,cachewinograd,32,64,56,56,890,1582.380390000253
2026-08-07T10:26:29.391959,cachewinograd,32,64,56,56,891,1583.7514159998136
2026-08-07T10:26:29.391959,cachewinograd,32,64,56,56,892,1577.5169490002554
2026-08-07T10:26:29.391959,cachewinograd,32,64,56,56,893,1579.2094999997062
2026-08-07T10:26:29.391959,cachewinograd,32,64,56,56,894,1581.0917479998352
2026-08-07T10:26:29.391959,cachewinograd,32,64,56,56,895,1583.219370000279
2026-08-07T10:26:29.391959,cachewinograd,32,64,56,56,896,1582.6847900002576
2026-08-07T10:26:29.391959,cachewinograd,32,64,56,56,897,1582.4609040000723
2026-08-07T10:26:29.391959,cachewinograd,32,64,56,56,898,1578.482627000085
2026-08-07T10:26:29.391959,cachewinograd,32,64,56,56,899,1578.0387820000215
2026-08-07T10:26:29.391959,cachewinograd,32,64,56,56,900,1581.3740620001226
2026-08-07T10:26:29.391959,cachewinograd,32,64,56,56,901,1584.3318269999145
2026-08-07T10:26:29.391959,cachewinograd,32,64,56,56,902,1578.413152000394
2026-08-07T10:26:29.391959,cachewinograd,32,64,56,56,903,1578.2729110001128
2026-08-07T10:26:29.391959,cachewinograd,32,64,56,56,904,1580.3597010003614
2026-08-07T10:26:29.391959,cachewinograd,32,64,56,56,905,1580.9547009998823
2026-08-07T10:26:29.391959,cachewinograd,32,64,56,56,906,1577.1522669997466
2026-08-07T10:26:29.391959,cachewinograd,32,64,56,56,907,1582.1402780002245
2026-08-07T10:26:29.391959,cachewinograd,32,64,56,56,908,1583.0118019998736
2026-08-07T10:26:29.391959,cachewinograd,32,64,56,56,909,1580.497811999976
2026-08-07T10:26:29.391959,cachewinograd,32,64,56,56,910,1575.5075060001218
2026-08-07T10:26:29.391959,cachewinograd,32,64,56,56,911,1575.673741999708
2026-08-07T10:26:29.391959,cachewinograd,32,64,56,56,912,1577.7515669997229
2026-08-07T10:26:29.391959,cachewinograd,32,64,56,56,913,1579.4291710003563
2026-08-07T10:26:29.391959,cachewinograd,32,64,56,56,914,1572.213871999793
2026-08-07T10:26:29.391959,cachewinograd,32,64,56,56,915,1574.6373920001133
2026-08-07T10:26:29.391959,cachewinograd,32,64,56,56,916,1572.4925829999847
2026-08-07T10:26:29.391959,cachewinograd,32,64,56,56,917,1546.161573000063
2026-08-07T10:26:29.391959,cachewinograd,32,64,56,56,918,1535.6998249999378
2026-08-07T10:26:29.391959,cachewinograd,32,64,56,56,919,1532.6726809998945
2026-08-07T10:26:29.391959,cachewinograd,32,64,56,56,920,1531.6941730002327
2026-08-07T10:26:29.391959,cachewinograd,32,64,56,56,921,1532.2333869999056
2026-08-07T10:26:29.391959,cachewinograd,32,64,56,56,922,1533.0517299998974
2026-08-07T10:26:29.391959,cachewinograd,32,64,56,56,923,1532.4157879999802
2026-08-07T10:26:29.391959,cachewinograd,32,64,56,56,924,1533.1878779998078
2026-08-07T10:26:29.391959,cachewinograd,32,64,56,56,925,1533.386868999969
2026-08-07T10:26:29.391959,cachewinograd,32,64,56,56,926,1531.0102230000666
2026-08-07T10:26:29.391959,cachewinograd,32,64,56,56,927,1534.0822620000836
2026-08-07T10:26:29.391959,cachewinograd,32,64,56,56,928,1532.1281340002315
2026-08-07T10:26:29.391959,cachewinograd,32,64,56,56,929,1532.6814649997687
2026-08-07T10:26:29.391959,cachewinograd,32,64,56,56,930,1531.251579000127
2026-08-07T10:26:29.391959,cachewinograd,32,64,56,56,931,1532.2946729997966
2026-08-07T10:26:29.391959,cachewinograd,32,64,56,56,932,1524.4936099998085
2026-08-07T10:26:29.391959,cachewinograd,32,64,56,56,933,1519.76050400026
2026-08-07T10:26:29.391959,cachewinograd,32,64,56,56,934,1517.908723000346
2026-08-07T10:26:29.391959,cachewinograd,32,64,56,56,935,1522.6516710004034
2026-08-07T10:26:29.391959,cachewinograd,32,64,56,56,936,1519.7649990000173
2026-08-07T10:26:29.391959,cachewinograd,32,64,56,56,937,1523.1517389997862
2026-08-07T10:26:29.391959,cachewinograd,32,64,56,56,938,1521.424442999887
2026-08-07T10:26:29.391959,cachewinograd,32,64,56,56,939,1523.2688739997684
2026-08-07T10:26:29.391959,cachewinograd,32,64,56,56,940,1518.1143370000427
2026-08-07T10:26:29.391959,cachewinograd,32,64,56,56,941,1521.34383099974
2026-08-07T10:26:29.391959,cachewinograd,32,64,56,56,942,1518.8164979999783
2026-08-07T10:26:29.391959,cachewinograd,32,64,56,56,943,1519.65765299974
2026-08-07T10:26:29.391959,cachewinograd,32,64,56,56,944,1520.333018999736
2026-08-07T10:26:29.391959,cachewinograd,32,64,56,56,945,1521.7578980000326
2026-08-07T10:26:29.391959,cachewinograd,32,64,56,56,946,1525.399336999726
2026-08-07T10:26:29.391959,cachewinograd,32,64,56,56,947,1522.088998000072
2026-08-07T10:26:29.391959,cachewinograd,32,64,56,56,948,1524.2704749998666
2026-08-07T10:26:29.391959,cachewinograd,32,64,56,56,949,1527.9807190004249
2026-08-07T10:26:29.391959,cachewinograd,32,64,56,56,950,1529.9484890001622
2026-08-07T10:26:29.391959,cachewinograd,32,64,56,56,951,1532.6113910000458
2026-08-07T10:26:29.391959,cachewinograd,32,64,56,56,952,1530.8703980003884
2026-08-07T10:26:29.391959,cachewinograd,32,64,56,56,953,1529.5911919997707
2026-08-07T10:26:29.391959,cachewinograd,32,64,56,56,954,1529.3759979999777
2026-08-07T10:26:29.391959,cachewinograd,32,64,56,56,955,1531.363557000077
2026-08-07T10:26:29.391959,cachewinograd,32,64,56,56,956,1529.9071079998612
2026-08-07T10:26:29.391959,cachewinograd,32,64,56,56,957,1529.7523300000648
2026-08-07T10:26:29.391959,cachewinograd,32,64,56,56,958,1530.7332830002451
2026-08-07T10:26:29.391959,cachewinograd,32,64,56,56,959,1530.9293030004483
2026-08-07T10:26:29.391959,cachewinograd,32,64,56,56,960,1529.6772890001193
2026-08-07T10:26:29.391959,cachewinograd,32,64,56,56,961,1527.1827169999597
2026-08-07T10:26:29.391959,cachewinograd,32,64,56,56,962,1528.745622000315
2026-08-07T10:26:29.391959,cachewinograd,32,64,56,56,963,1525.4552840001452
2026-08-07T10:26:29.391959,cachewinograd,32,64,56,56,964,1526.962301000367
2026-08-07T10:26:29.391959,cachewinograd,32,64,56,56,965,1527.2479099999146
2026-08-07T10:26:29.391959,cachewinograd,32,64,56,56,966,1528.4715279999546
2026-08-07T10:26:29.391959,cachewinograd,32,64,56,56,967,1529.6370719997867
2026-08-07T10:26:29.391959,cachewinograd,32,64,56,56,968,1524.8315049998382
2026-08-07T10:26:29.391959,cachewinograd,32,64,56,56,969,1528.7276439999005
2026-08-07T10:26:29.391959,cachewinograd,32,64,56,56,970,1529.4808759999796
2026-08-07T10:26:29.391959,cachewinograd,32,64,56,56,971,1529.434177999974
2026-08-07T10:26:29.391959,cachewinograd,32,64,56,56,972,1529.7383249999257
2026-08-07T10:26:29.391959,cachewinograd,32,64,56,56,973,1529.9033560004318
2026-08-07T10:26:29.391959,cachewinograd,32,64,56,56,974,1529.9814519999018
2026-08-07T10:26:29.391959,cachewinograd,32,64,56,56,975,1530.9695390001252
2026-08-07T10:26:29.391959,cachewinograd,32,64,56,56,976,1527.114225999867
2026-08-07T10:26:29.391959,cachewinograd,32,64,56,56,977,1528.09673999991
2026-08-07T10:26:29.391959,cachewinograd,32,64,56,56,978,1532.1057989999645
2026-08-07T10:26:29.391959,cachewinograd,32,64,56,56,979,1528.213243999744
2026-08-07T10:26:29.391959,cachewinograd,32,64,56,56,980,1531.7931690001387
2026-08-07T10:26:29.391959,cachewinograd,32,64,56,56,981,1529.0795229998366
2026-08-07T10:26:29.391959,cachewinograd,32,64,56,56,982,1529.4641970003795
2026-08-07T10:26:29.391959,cachewinograd,32,64,56,56,983,1531.9057339997926
2026-08-07T10:26:29.391959,cachewinograd,32,64,56,56,984,1529.7063320003872
2026-08-07T10:26:29.391959,cachewinograd,32,64,56,56,985,1522.5895110002057
2026-08-07T10:26:29.391959,cachewinograd,32,64,56,56,986,1518.7707099998988
2026-08-07T10:26:29.391959,cachewinograd,32,64,56,56,987,1519.9254690000998
2026-08-07T10:26:29.391959,cachewinograd,32,64,56,56,988,1522.8710429996681
2026-08-07T10:26:29.391959,cachewinograd,32,64,56,56,989,1520.0371800001449
2026-08-07T10:26:29.391959,cachewinograd,32,64,56,56,990,1518.6259910001354
2026-08-07T10:26:29.391959,cachewinograd,32,64,56,56,991,1522.067209999932
2026-08-07T10:26:29.391959,cachewinograd,32,64,56,56,992,1531.7573659999653
2026-08-07T10:26:29.391959,cachewinograd,32,64,56,56,993,1530.7841619996907
2026-08-07T10:26:29.391959,cachewinograd,32,64,56,56,994,1529.6401709997554
2026-08-07T10:26:29.391959,cachewinograd,32,64,56,56,995,1531.260785000086
2026-08-07T10:26:29.391959,cachewinograd,32,64,56,56,996,1521.153879999929
2026-08-07T10:26:29.391959,cachewinograd,32,64,56,56,997,1526.9490629998472
2026-08-07T10:26:29.391959,cachewinograd,32,64,56,56,998,1525.1537369999824
2026-08-07T10:26:29.391959,cachewinograd,32,64,56,56,999,1521.780685000067
2026-08-07T10:26:29.391959,cachewinograd,64,32,56,56,0,765.0530730002174
2026-08-07T10:26:29.391959,cachewinograd,64,32,56,56,1,761.7272980000962
2026-08-07T10:26:29.391959,cachewinograd,64,32,56,56,2,762.1771140002238
2026-08-07T10:26:29.391959,cachewinograd,64,32,56,56,3,761.649125999611
2026-08-07T10:26:29.391959,cachewinograd,64,32,56,56,4,760.1348429998325
2026-08-07T10:26:29.391959,cachewinograd,64,32,56,56,5,761.8222680002873
2026-08-07T10:26:29.391959,cachewinograd,64,32,56,56,6,761.3660020001589
2026-08-07T10:26:29.391959,cachewinograd,64,32,56,56,7,764.9167969998416
2026-08-07T10:26:29.391959,cachewinograd,64,32,56,56,8,762.3950709999008
2026-08-07T10:26:29.391959,cachewinograd,64,32,56,56,9,761.5522750002128
2026-08-07T10:26:29.391959,cachewinograd,64,32,56,56,10,761.0596010003974
2026-08-07T10:26:29.391959,cachewinograd,64,32,56,56,11,764.7111290002613
2026-08-07T10:26:29.391959,cachewinograd,64,32,56,56,12,762.920529999974
2026-08-07T10:26:29.391959,cachewinograd,64,32,56,56,13,762.930378999954
2026-08-07T10:26:29.391959,cachewinograd,64,32,56,56,14,759.5469449997836
2026-08-07T10:26:29.391959,cachewinograd,64,32,56,56,15,760.4537109996272
2026-08-07T10:26:29.391959,cachewinograd,64,32,56,56,16,761.7579429997932
2026-08-07T10:26:29.391959,cachewinograd,64,32,56,56,17,760.010419000082
2026-08-07T10:26:29.391959,cachewinograd,64,32,56,56,18,757.9472019997411
2026-08-07T10:26:29.391959,cachewinograd,64,32,56,56,19,761.803530999714
2026-08-07T10:26:29.391959,cachewinograd,64,32,56,56,20,761.0833980002099
2026-08-07T10:26:29.391959,cachewinograd,64,32,56,56,21,760.9607940003116
2026-08-07T10:26:29.391959,cachewinograd,64,32,56,56,22,761.35388900002
2026-08-07T10:26:29.391959,cachewinograd,64,32,56,56,23,758.8911739999276
2026-08-07T10:26:29.391959,cachewinograd,64,32,56,56,24,762.2340419998181
2026-08-07T10:26:29.391959,cachewinograd,64,32,56,56,25,760.5617819999679
2026-08-07T10:26:29.391959,cachewinograd,64,32,56,56,26,759.3602209999517
2026-08-07T10:26:29.391959,cachewinograd,64,32,56,56,27,763.1325880001896
2026-08-07T10:26:29.391959,cachewinograd,64,32,56,56,28,760.4296009999416
2026-08-07T10:26:29.391959,cachewinograd,64,32,56,56,29,764.0436300002875
2026-08-07T10:26:29.391959,cachewinograd,64,32,56,56,30,834.459672000321
2026-08-07T10:26:29.391959,cachewinograd,64,32,56,56,31,874.2398099998354
2026-08-07T10:26:29.391959,cachewinograd,64,32,56,56,32,778.2928490000813
2026-08-07T10:26:29.391959,cachewinograd,64,32,56,56,33,815.6534469999315
2026-08-07T10:26:29.391959,cachewinograd,64,32,56,56,34,815.6946009999047
2026-08-07T10:26:29.391959,cachewinograd,64,32,56,56,35,840.3259100000469
2026-08-07T10:26:29.391959,cachewinograd,64,32,56,56,36,886.2315430001217
2026-08-07T10:26:29.391959,cachewinograd,64,32,56,56,37,829.1109710003184
2026-08-07T10:26:29.391959,cachewinograd,64,32,56,56,38,861.7134860000988
2026-08-07T10:26:29.391959,cachewinograd,64,32,56,56,39,920.2626779997445
2026-08-07T10:26:29.391959,cachewinograd,64,32,56,56,40,844.6401490000426
2026-08-07T10:26:29.391959,cachewinograd,64,32,56,56,41,783.5922059998666
2026-08-07T10:26:29.391959,cachewinograd,64,32,56,56,42,850.8829000002152
2026-08-07T10:26:29.391959,cachewinograd,64,32,56,56,43,795.3465129999131
2026-08-07T10:26:29.391959,cachewinograd,64,32,56,56,44,824.3820900001992
2026-08-07T10:26:29.391959,cachewinograd,64,32,56,56,45,802.1739759997217
2026-08-07T10:26:29.391959,cachewinograd,64,32,56,56,46,788.8386199997512
2026-08-07T10:26:29.391959,cachewinograd,64,32,56,56,47,842.4780020000071
2026-08-07T10:26:29.391959,cachewinograd,64,32,56,56,48,917.3103010002706
2026-08-07T10:26:29.391959,cachewinograd,64,32,56,56,49,895.7016429999385
2026-08-07T10:26:29.391959,cachewinograd,64,32,56,56,50,856.4364300000307
2026-08-07T10:26:29.391959,cachewinograd,64,32,56,56,51,762.0649989999038
2026-08-07T10:26:29.391959,cachewinograd,64,32,56,56,52,760.9594830000788
2026-08-07T10:26:29.391959,cachewinograd,64,32,56,56,53,758.6924549996183
2026-08-07T10:26:29.391959,cachewinograd,64,32,56,56,54,762.4112270000296
2026-08-07T10:26:29.391959,cachewinograd,64,32,56,56,55,763.1405359998098
2026-08-07T10:26:29.391959,cachewinograd,64,32,56,56,56,759.6757940000316
2026-08-07T10:26:29.391959,cachewinograd,64,32,56,56,57,759.0931690001526
2026-08-07T10:26:29.391959,cachewinograd,64,32,56,56,58,760.5134989998987
2026-08-07T10:26:29.391959,cachewinograd,64,32,56,56,59,760.430271000132
2026-08-07T10:26:29.391959,cachewinograd,64,32,56,56,60,760.8572220001406
2026-08-07T10:26:29.391959,cachewinograd,64,32,56,56,61,760.2727200001027
2026-08-07T10:26:29.391959,cachewinograd,64,32,56,56,62,760.8299900002748
2026-08-07T10:26:29.391959,cachewinograd,64,32,56,56,63,758.5716590001539
2026-08-07T10:26:29.391959,cachewinograd,64,32,56,56,64,770.7412429999749
2026-08-07T10:26:29.391959,cachewinograd,64,32,56,56,65,784.5123090000925
2026-08-07T10:26:29.391959,cachewinograd,64,32,56,56,66,792.1073560000877
2026-08-07T10:26:29.391959,cachewinograd,64,32,56,56,67,804.3332960000953
2026-08-07T10:26:29.391959,cachewinograd,64,32,56,56,68,787.528815999849
2026-08-07T10:26:29.391959,cachewinograd,64,32,56,56,69,789.871222000329
2026-08-07T10:26:29.391959,cachewinograd,64,32,56,56,70,999.1558120000263
2026-08-07T10:26:29.391959,cachewinograd,64,32,56,56,71,929.8067400000036
2026-08-07T10:26:29.391959,cachewinograd,64,32,56,56,72,1013.0278290002934
2026-08-07T10:26:29.391959,cachewinograd,64,32,56,56,73,1045.5934759997945
2026-08-07T10:26:29.391959,cachewinograd,64,32,56,56,74,1022.415158000058
2026-08-07T10:26:29.391959,cachewinograd,64,32,56,56,75,998.5646750001251
2026-08-07T10:26:29.391959,cachewinograd,64,32,56,56,76,909.7270840002238
2026-08-07T10:26:29.391959,cachewinograd,64,32,56,56,77,1271.9562980000774
2026-08-07T10:26:29.391959,cachewinograd,64,32,56,56,78,1176.686950000203
2026-08-07T10:26:29.391959,cachewinograd,64,32,56,56,79,962.5876039999639
2026-08-07T10:26:29.391959,cachewinograd,64,32,56,56,80,979.0997909999533
2026-08-07T10:26:29.391959,cachewinograd,64,32,56,56,81,1008.5822740002186
2026-08-07T10:26:29.391959,cachewinograd,64,32,56,56,82,958.5764459998245
2026-08-07T10:26:29.391959,cachewinograd,64,32,56,56,83,959.4476399997802
2026-08-07T10:26:29.391959,cachewinograd,64,32,56,56,84,969.4171249998362
2026-08-07T10:26:29.391959,cachewinograd,64,32,56,56,85,1087.1149960003095
2026-08-07T10:26:29.391959,cachewinograd,64,32,56,56,86,1092.723494999973
2026-08-07T10:26:29.391959,cachewinograd,64,32,56,56,87,1105.31451199995
2026-08-07T10:26:29.391959,cachewinograd,64,32,56,56,88,1012.656944000355
2026-08-07T10:26:29.391959,cachewinograd,64,32,56,56,89,944.1663929997048
2026-08-07T10:26:29.391959,cachewinograd,64,32,56,56,90,948.3952949999548
2026-08-07T10:26:29.391959,cachewinograd,64,32,56,56,91,804.6400110001741
2026-08-07T10:26:29.391959,cachewinograd,64,32,56,56,92,859.4321710002077
2026-08-07T10:26:29.391959,cachewinograd,64,32,56,56,93,841.3823710002362
2026-08-07T10:26:29.391959,cachewinograd,64,32,56,56,94,955.7903519998945
2026-08-07T10:26:29.391959,cachewinograd,64,32,56,56,95,942.4503059999552
2026-08-07T10:26:29.391959,cachewinograd,64,32,56,56,96,1008.018131999961
2026-08-07T10:26:29.391959,cachewinograd,64,32,56,56,97,1003.926644999865
2026-08-07T10:26:29.391959,cachewinograd,64,32,56,56,98,946.2013349998415
2026-08-07T10:26:29.391959,cachewinograd,64,32,56,56,99,947.4442119999367
2026-08-07T10:26:29.391959,cachewinograd,64,32,56,56,100,952.4510690002899
2026-08-07T10:26:29.391959,cachewinograd,64,32,56,56,101,940.4087370003253
2026-08-07T10:26:29.391959,cachewinograd,64,32,56,56,102,1052.6394369999252
2026-08-07T10:26:29.391959,cachewinograd,64,32,56,56,103,905.6833679996998
2026-08-07T10:26:29.391959,cachewinograd,64,32,56,56,104,1051.1828199996671
2026-08-07T10:26:29.391959,cachewinograd,64,32,56,56,105,961.5093390002585
2026-08-07T10:26:29.391959,cachewinograd,64,32,56,56,106,939.1261559999293
2026-08-07T10:26:29.391959,cachewinograd,64,32,56,56,107,1040.3028499999891
2026-08-07T10:26:29.391959,cachewinograd,64,32,56,56,108,1096.8483309998192
2026-08-07T10:26:29.391959,cachewinograd,64,32,56,56,109,985.3377260001253
2026-08-07T10:26:29.391959,cachewinograd,64,32,56,56,110,978.7480999998479
2026-08-07T10:26:29.391959,cachewinograd,64,32,56,56,111,943.5525960002451
2026-08-07T10:26:29.391959,cachewinograd,64,32,56,56,112,897.0269730002656
2026-08-07T10:26:29.391959,cachewinograd,64,32,56,56,113,862.7032790000158
2026-08-07T10:26:29.391959,cachewinograd,64,32,56,56,114,1037.4028659998658
2026-08-07T10:26:29.391959,cachewinograd,64,32,56,56,115,991.9603689995711
2026-08-07T10:26:29.391959,cachewinograd,64,32,56,56,116,864.011064999886
2026-08-07T10:26:29.391959,cachewinograd,64,32,56,56,117,1053.5087490002297
2026-08-07T10:26:29.391959,cachewinograd,64,32,56,56,118,1002.5650009997662
2026-08-07T10:26:29.391959,cachewinograd,64,32,56,56,119,1403.007424000407
2026-08-07T10:26:29.391959,cachewinograd,64,32,56,56,120,1426.3904669996919
2026-08-07T10:26:29.391959,cachewinograd,64,32,56,56,121,923.862358000406
2026-08-07T10:26:29.391959,cachewinograd,64,32,56,56,122,882.1713359998284
2026-08-07T10:26:29.391959,cachewinograd,64,32,56,56,123,987.3279660000662
2026-08-07T10:26:29.391959,cachewinograd,64,32,56,56,124,983.5608680000405
2026-08-07T10:26:29.391959,cachewinograd,64,32,56,56,125,890.2240759998676
2026-08-07T10:26:29.391959,cachewinograd,64,32,56,56,126,971.4958320000733
2026-08-07T10:26:29.391959,cachewinograd,64,32,56,56,127,962.5533849998646
2026-08-07T10:26:29.391959,cachewinograd,64,32,56,56,128,899.5577619998585
2026-08-07T10:26:29.391959,cachewinograd,64,32,56,56,129,867.7656429999843
2026-08-07T10:26:29.391959,cachewinograd,64,32,56,56,130,940.2346400001989
2026-08-07T10:26:29.391959,cachewinograd,64,32,56,56,131,889.9411779998445
2026-08-07T10:26:29.391959,cachewinograd,64,32,56,56,132,988.2319700000153
2026-08-07T10:26:29.391959,cachewinograd,64,32,56,56,133,860.4696940001304
2026-08-07T10:26:29.391959,cachewinograd,64,32,56,56,134,993.8135469997178
2026-08-07T10:26:29.391959,cachewinograd,64,32,56,56,135,924.7143530001267
2026-08-07T10:26:29.391959,cachewinograd,64,32,56,56,136,888.5922869999376
2026-08-07T10:26:29.391959,cachewinograd,64,32,56,56,137,950.630899999851
2026-08-07T10:26:29.391959,cachewinograd,64,32,56,56,138,857.7256829998987
2026-08-07T10:26:29.391959,cachewinograd,64,32,56,56,139,938.5100270001203
2026-08-07T10:26:29.391959,cachewinograd,64,32,56,56,140,826.2870720000137
2026-08-07T10:26:29.391959,cachewinograd,64,32,56,56,141,1010.5155239998567
2026-08-07T10:26:29.391959,cachewinograd,64,32,56,56,142,819.5038439998825
2026-08-07T10:26:29.391959,cachewinograd,64,32,56,56,143,957.4428699997952
2026-08-07T10:26:29.391959,cachewinograd,64,32,56,56,144,854.7265610000068
2026-08-07T10:26:29.391959,cachewinograd,64,32,56,56,145,872.0801470003607
2026-08-07T10:26:29.391959,cachewinograd,64,32,56,56,146,871.083489999819
2026-08-07T10:26:29.391959,cachewinograd,64,32,56,56,147,846.7277590002595
2026-08-07T10:26:29.391959,cachewinograd,64,32,56,56,148,802.2372729997187
2026-08-07T10:26:29.391959,cachewinograd,64,32,56,56,149,850.575241000115
2026-08-07T10:26:29.391959,cachewinograd,64,32,56,56,150,882.969538999987
2026-08-07T10:26:29.391959,cachewinograd,64,32,56,56,151,859.212481999748
2026-08-07T10:26:29.391959,cachewinograd,64,32,56,56,152,794.1525849996651
2026-08-07T10:26:29.391959,cachewinograd,64,32,56,56,153,853.3057530003134
2026-08-07T10:26:29.391959,cachewinograd,64,32,56,56,154,987.2045449997131
2026-08-07T10:26:29.391959,cachewinograd,64,32,56,56,155,1250.260650999735
2026-08-07T10:26:29.391959,cachewinograd,64,32,56,56,156,1407.9133889999866
2026-08-07T10:26:29.391959,cachewinograd,64,32,56,56,157,1018.4301090002918
2026-08-07T10:26:29.391959,cachewinograd,64,32,56,56,158,989.3119130001651
2026-08-07T10:26:29.391959,cachewinograd,64,32,56,56,159,909.0616059997956
2026-08-07T10:26:29.391959,cachewinograd,64,32,56,56,160,985.6188849998944
2026-08-07T10:26:29.391959,cachewinograd,64,32,56,56,161,949.2278429997896
2026-08-07T10:26:29.391959,cachewinograd,64,32,56,56,162,970.2129580000474
2026-08-07T10:26:29.391959,cachewinograd,64,32,56,56,163,997.5543650002692
2026-08-07T10:26:29.391959,cachewinograd,64,32,56,56,164,1209.2376870000408
2026-08-07T10:26:29.391959,cachewinograd,64,32,56,56,165,992.2300120001637
2026-08-07T10:26:29.391959,cachewinograd,64,32,56,56,166,1089.114819000315
2026-08-07T10:26:29.391959,cachewinograd,64,32,56,56,167,1124.56999799997
2026-08-07T10:26:29.391959,cachewinograd,64,32,56,56,168,944.3010380000487
2026-08-07T10:26:29.391959,cachewinograd,64,32,56,56,169,834.4280179999259
2026-08-07T10:26:29.391959,cachewinograd,64,32,56,56,170,847.9047040000296
2026-08-07T10:26:29.391959,cachewinograd,64,32,56,56,171,869.0946729998359
2026-08-07T10:26:29.391959,cachewinograd,64,32,56,56,172,864.0234459999192
2026-08-07T10:26:29.391959,cachewinograd,64,32,56,56,173,818.2668519998515
2026-08-07T10:26:29.391959,cachewinograd,64,32,56,56,174,895.5974020000212
2026-08-07T10:26:29.391959,cachewinograd,64,32,56,56,175,780.3101110002899
2026-08-07T10:26:29.391959,cachewinograd,64,32,56,56,176,829.9575760001972
2026-08-07T10:26:29.391959,cachewinograd,64,32,56,56,177,805.8903440000904
2026-08-07T10:26:29.391959,cachewinograd,64,32,56,56,178,802.7642090000882
2026-08-07T10:26:29.391959,cachewinograd,64,32,56,56,179,850.4474669998672
2026-08-07T10:26:29.391959,cachewinograd,64,32,56,56,180,776.5065119997416
2026-08-07T10:26:29.391959,cachewinograd,64,32,56,56,181,955.7071630001701
2026-08-07T10:26:29.391959,cachewinograd,64,32,56,56,182,853.0550000000403
2026-08-07T10:26:29.391959,cachewinograd,64,32,56,56,183,877.4375689999943
2026-08-07T10:26:29.391959,cachewinograd,64,32,56,56,184,753.9300379999077
2026-08-07T10:26:29.391959,cachewinograd,64,32,56,56,185,906.5064579999671
2026-08-07T10:26:29.391959,cachewinograd,64,32,56,56,186,851.9204849999369
2026-08-07T10:26:29.391959,cachewinograd,64,32,56,56,187,791.0985359999358
2026-08-07T10:26:29.391959,cachewinograd,64,32,56,56,188,805.8620540000447
2026-08-07T10:26:29.391959,cachewinograd,64,32,56,56,189,903.1522549998954
2026-08-07T10:26:29.391959,cachewinograd,64,32,56,56,190,878.1976880000002
2026-08-07T10:26:29.391959,cachewinograd,64,32,56,56,191,859.8369749997801
2026-08-07T10:26:29.391959,cachewinograd,64,32,56,56,192,874.2707390001669
2026-08-07T10:26:29.391959,cachewinograd,64,32,56,56,193,911.4911589999792
2026-08-07T10:26:29.391959,cachewinograd,64,32,56,56,194,1134.8418910001783
2026-08-07T10:26:29.391959,cachewinograd,64,32,56,56,195,1048.7809840001319
2026-08-07T10:26:29.391959,cachewinograd,64,32,56,56,196,927.1848919997865
2026-08-07T10:26:29.391959,cachewinograd,64,32,56,56,197,811.3351140000304
2026-08-07T10:26:29.391959,cachewinograd,64,32,56,56,198,900.7349969997449
2026-08-07T10:26:29.391959,cachewinograd,64,32,56,56,199,811.5605489997506
2026-08-07T10:26:29.391959,cachewinograd,64,32,56,56,200,782.405571000254
2026-08-07T10:26:29.391959,cachewinograd,64,32,56,56,201,763.7755200003085
2026-08-07T10:26:29.391959,cachewinograd,64,32,56,56,202,786.7298989999654
2026-08-07T10:26:29.391959,cachewinograd,64,32,56,56,203,849.8087389998545
2026-08-07T10:26:29.391959,cachewinograd,64,32,56,56,204,806.0449919998973
2026-08-07T10:26:29.391959,cachewinograd,64,32,56,56,205,771.2649019999844
2026-08-07T10:26:29.391959,cachewinograd,64,32,56,56,206,830.474600999878
2026-08-07T10:26:29.391959,cachewinograd,64,32,56,56,207,802.0018940001137
2026-08-07T10:26:29.391959,cachewinograd,64,32,56,56,208,798.6316339997757
2026-08-07T10:26:29.391959,cachewinograd,64,32,56,56,209,811.6162659998736
2026-08-07T10:26:29.391959,cachewinograd,64,32,56,56,210,795.2033520000441
2026-08-07T10:26:29.391959,cachewinograd,64,32,56,56,211,758.4243639998931
2026-08-07T10:26:29.391959,cachewinograd,64,32,56,56,212,820.1847579998685
2026-08-07T10:26:29.391959,cachewinograd,64,32,56,56,213,864.0768019999996
2026-08-07T10:26:29.391959,cachewinograd,64,32,56,56,214,809.4536809999227
2026-08-07T10:26:29.391959,cachewinograd,64,32,56,56,215,860.4393969999364
2026-08-07T10:26:29.391959,cachewinograd,64,32,56,56,216,947.2501019999982
2026-08-07T10:26:29.391959,cachewinograd,64,32,56,56,217,1336.7731049997928
2026-08-07T10:26:29.391959,cachewinograd,64,32,56,56,218,1171.2086569996245
2026-08-07T10:26:29.391959,cachewinograd,64,32,56,56,219,1050.3545669998857
2026-08-07T10:26:29.391959,cachewinograd,64,32,56,56,220,1184.2522110000573
2026-08-07T10:26:29.391959,cachewinograd,64,32,56,56,221,1024.0472330001467
2026-08-07T10:26:29.391959,cachewinograd,64,32,56,56,222,905.3414189997966
2026-08-07T10:26:29.391959,cachewinograd,64,32,56,56,223,899.25946700032
2026-08-07T10:26:29.391959,cachewinograd,64,32,56,56,224,1002.1941750001133
2026-08-07T10:26:29.391959,cachewinograd,64,32,56,56,225,935.6520460000866
2026-08-07T10:26:29.391959,cachewinograd,64,32,56,56,226,846.9820899999831
2026-08-07T10:26:29.391959,cachewinograd,64,32,56,56,227,791.1746899999343
2026-08-07T10:26:29.391959,cachewinograd,64,32,56,56,228,892.172796000068
2026-08-07T10:26:29.391959,cachewinograd,64,32,56,56,229,900.6131520000054
2026-08-07T10:26:29.391959,cachewinograd,64,32,56,56,230,883.1904490002671
2026-08-07T10:26:29.391959,cachewinograd,64,32,56,56,231,920.6523459997698
2026-08-07T10:26:29.391959,cachewinograd,64,32,56,56,232,863.3933140004046
2026-08-07T10:26:29.391959,cachewinograd,64,32,56,56,233,961.1439249997602
2026-08-07T10:26:29.391959,cachewinograd,64,32,56,56,234,1021.476290999999
2026-08-07T10:26:29.391959,cachewinograd,64,32,56,56,235,1048.772027999803
2026-08-07T10:26:29.391959,cachewinograd,64,32,56,56,236,1025.0350139999682
2026-08-07T10:26:29.391959,cachewinograd,64,32,56,56,237,1342.6501470003132
2026-08-07T10:26:29.391959,cachewinograd,64,32,56,56,238,1050.782924000032
2026-08-07T10:26:29.391959,cachewinograd,64,32,56,56,239,954.9519960000907
2026-08-07T10:26:29.391959,cachewinograd,64,32,56,56,240,963.6752819997128
2026-08-07T10:26:29.391959,cachewinograd,64,32,56,56,241,891.5301710003405
2026-08-07T10:26:29.391959,cachewinograd,64,32,56,56,242,918.4868289999031
2026-08-07T10:26:29.391959,cachewinograd,64,32,56,56,243,847.501043000193
2026-08-07T10:26:29.391959,cachewinograd,64,32,56,56,244,817.4436210001659
2026-08-07T10:26:29.391959,cachewinograd,64,32,56,56,245,860.4726610001308
2026-08-07T10:26:29.391959,cachewinograd,64,32,56,56,246,778.765526999905
2026-08-07T10:26:29.391959,cachewinograd,64,32,56,56,247,774.485587000072
2026-08-07T10:26:29.391959,cachewinograd,64,32,56,56,248,793.8731840004039
2026-08-07T10:26:29.391959,cachewinograd,64,32,56,56,249,772.8808289998597
2026-08-07T10:26:29.391959,cachewinograd,64,32,56,56,250,779.3237969999609
2026-08-07T10:26:29.391959,cachewinograd,64,32,56,56,251,784.2901829999391
2026-08-07T10:26:29.391959,cachewinograd,64,32,56,56,252,868.4013470001446
2026-08-07T10:26:29.391959,cachewinograd,64,32,56,56,253,831.8578829998842
2026-08-07T10:26:29.391959,cachewinograd,64,32,56,56,254,876.6684699999132
2026-08-07T10:26:29.391959,cachewinograd,64,32,56,56,255,848.9295419999507
2026-08-07T10:26:29.391959,cachewinograd,64,32,56,56,256,845.0901430001068
2026-08-07T10:26:29.391959,cachewinograd,64,32,56,56,257,781.8444619997535
2026-08-07T10:26:29.391959,cachewinograd,64,32,56,56,258,840.7085339999867
2026-08-07T10:26:29.391959,cachewinograd,64,32,56,56,259,842.0549560000836
2026-08-07T10:26:29.391959,cachewinograd,64,32,56,56,260,850.1006060000691
2026-08-07T10:26:29.391959,cachewinograd,64,32,56,56,261,874.5250090000809
2026-08-07T10:26:29.391959,cachewinograd,64,32,56,56,262,772.2895950000748
2026-08-07T10:26:29.391959,cachewinograd,64,32,56,56,263,887.0769710001696
2026-08-07T10:26:29.391959,cachewinograd,64,32,56,56,264,931.3400329997421
2026-08-07T10:26:29.391959,cachewinograd,64,32,56,56,265,833.3838860003198
2026-08-07T10:26:29.391959,cachewinograd,64,32,56,56,266,837.3255879996577
2026-08-07T10:26:29.391959,cachewinograd,64,32,56,56,267,773.0755349998617
2026-08-07T10:26:29.391959,cachewinograd,64,32,56,56,268,932.4969799999963
2026-08-07T10:26:29.391959,cachewinograd,64,32,56,56,269,776.0585490000267
2026-08-07T10:26:29.391959,cachewinograd,64,32,56,56,270,914.2746040001839
2026-08-07T10:26:29.391959,cachewinograd,64,32,56,56,271,878.7037889997009
2026-08-07T10:26:29.391959,cachewinograd,64,32,56,56,272,838.2548740000857
2026-08-07T10:26:29.391959,cachewinograd,64,32,56,56,273,871.2500020001244
2026-08-07T10:26:29.391959,cachewinograd,64,32,56,56,274,911.7184040001121
2026-08-07T10:26:29.391959,cachewinograd,64,32,56,56,275,816.972719000205
2026-08-07T10:26:29.391959,cachewinograd,64,32,56,56,276,874.5718909999596
2026-08-07T10:26:29.391959,cachewinograd,64,32,56,56,277,795.9669260003466
2026-08-07T10:26:29.391959,cachewinograd,64,32,56,56,278,783.7055600002714
2026-08-07T10:26:29.391959,cachewinograd,64,32,56,56,279,772.7515999999923
2026-08-07T10:26:29.391959,cachewinograd,64,32,56,56,280,760.1182379999045
2026-08-07T10:26:29.391959,cachewinograd,64,32,56,56,281,762.6739880001878
2026-08-07T10:26:29.391959,cachewinograd,64,32,56,56,282,760.6390490000194
2026-08-07T10:26:29.391959,cachewinograd,64,32,56,56,283,778.9331589997346
2026-08-07T10:26:29.391959,cachewinograd,64,32,56,56,284,767.5954830001501
2026-08-07T10:26:29.391959,cachewinograd,64,32,56,56,285,752.3162630000115
2026-08-07T10:26:29.391959,cachewinograd,64,32,56,56,286,754.4273039998188
2026-08-07T10:26:29.391959,cachewinograd,64,32,56,56,287,755.5915289999575
2026-08-07T10:26:29.391959,cachewinograd,64,32,56,56,288,755.6584109997857
2026-08-07T10:26:29.391959,cachewinograd,64,32,56,56,289,756.8665449998662
2026-08-07T10:26:29.391959,cachewinograd,64,32,56,56,290,755.0285419997635
2026-08-07T10:26:29.391959,cachewinograd,64,32,56,56,291,759.6492359998592
2026-08-07T10:26:29.391959,cachewinograd,64,32,56,56,292,755.3738249998787
2026-08-07T10:26:29.391959,cachewinograd,64,32,56,56,293,751.9412159999774
2026-08-07T10:26:29.391959,cachewinograd,64,32,56,56,294,751.9351240002834
2026-08-07T10:26:29.391959,cachewinograd,64,32,56,56,295,753.8220390001698
2026-08-07T10:26:29.391959,cachewinograd,64,32,56,56,296,754.775005999818
2026-08-07T10:26:29.391959,cachewinograd,64,32,56,56,297,756.5423329997429
2026-08-07T10:26:29.391959,cachewinograd,64,32,56,56,298,750.6926269998075
2026-08-07T10:26:29.391959,cachewinograd,64,32,56,56,299,751.3719849998779
2026-08-07T10:26:29.391959,cachewinograd,64,32,56,56,300,752.1393689999059
2026-08-07T10:26:29.391959,cachewinograd,64,32,56,56,301,751.5689279998696
2026-08-07T10:26:29.391959,cachewinograd,64,32,56,56,302,750.9563489998072
2026-08-07T10:26:29.391959,cachewinograd,64,32,56,56,303,755.86606700017
2026-08-07T10:26:29.391959,cachewinograd,64,32,56,56,304,753.4662660000322
2026-08-07T10:26:29.391959,cachewinograd,64,32,56,56,305,757.1543639996889
2026-08-07T10:26:29.391959,cachewinograd,64,32,56,56,306,751.2337170001047
2026-08-07T10:26:29.391959,cachewinograd,64,32,56,56,307,753.0640160002804
2026-08-07T10:26:29.391959,cachewinograd,64,32,56,56,308,753.1832949998716
2026-08-07T10:26:29.391959,cachewinograd,64,32,56,56,309,757.8578980001112
2026-08-07T10:26:29.391959,cachewinograd,64,32,56,56,310,753.269242999977
2026-08-07T10:26:29.391959,cachewinograd,64,32,56,56,311,792.1135090000462
2026-08-07T10:26:29.391959,cachewinograd,64,32,56,56,312,753.3878479998748
2026-08-07T10:26:29.391959,cachewinograd,64,32,56,56,313,753.7452110000231
2026-08-07T10:26:29.391959,cachewinograd,64,32,56,56,314,752.24180899977
2026-08-07T10:26:29.391959,cachewinograd,64,32,56,56,315,751.9469010003377
2026-08-07T10:26:29.391959,cachewinograd,64,32,56,56,316,753.8179309999578
2026-08-07T10:26:29.391959,cachewinograd,64,32,56,56,317,753.0907119999029
2026-08-07T10:26:29.391959,cachewinograd,64,32,56,56,318,754.1052940000554
2026-08-07T10:26:29.391959,cachewinograd,64,32,56,56,319,750.8788390000518
2026-08-07T10:26:29.391959,cachewinograd,64,32,56,56,320,754.1097789999185
2026-08-07T10:26:29.391959,cachewinograd,64,32,56,56,321,754.4682369998554
2026-08-07T10:26:29.391959,cachewinograd,64,32,56,56,322,755.0418079999872
2026-08-07T10:26:29.391959,cachewinograd,64,32,56,56,323,754.2358870000498
2026-08-07T10:26:29.391959,cachewinograd,64,32,56,56,324,788.7758850001774
2026-08-07T10:26:29.391959,cachewinograd,64,32,56,56,325,753.6379989996931
2026-08-07T10:26:29.391959,cachewinograd,64,32,56,56,326,754.1584440000406
2026-08-07T10:26:29.391959,cachewinograd,64,32,56,56,327,755.1790679999613
2026-08-07T10:26:29.391959,cachewinograd,64,32,56,56,328,753.7962430001244
2026-08-07T10:26:29.391959,cachewinograd,64,32,56,56,329,755.6934209997053
2026-08-07T10:26:29.391959,cachewinograd,64,32,56,56,330,753.1545510000797
2026-08-07T10:26:29.391959,cachewinograd,64,32,56,56,331,757.5815899999725
2026-08-07T10:26:29.391959,cachewinograd,64,32,56,56,332,752.2651389999737
2026-08-07T10:26:29.391959,cachewinograd,64,32,56,56,333,756.8957819999014
2026-08-07T10:26:29.391959,cachewinograd,64,32,56,56,334,753.9117870001064
2026-08-07T10:26:29.391959,cachewinograd,64,32,56,56,335,755.8936030000041
2026-08-07T10:26:29.391959,cachewinograd,64,32,56,56,336,753.4663010001168
2026-08-07T10:26:29.391959,cachewinograd,64,32,56,56,337,755.7228709997617
2026-08-07T10:26:29.391959,cachewinograd,64,32,56,56,338,755.1140420000593
2026-08-07T10:26:29.391959,cachewinograd,64,32,56,56,339,753.1872330000624
2026-08-07T10:26:29.391959,cachewinograd,64,32,56,56,340,752.6154890001635
2026-08-07T10:26:29.391959,cachewinograd,64,32,56,56,341,756.2005610002416
2026-08-07T10:26:29.391959,cachewinograd,64,32,56,56,342,756.4354190003542
2026-08-07T10:26:29.391959,cachewinograd,64,32,56,56,343,754.6871590002411
2026-08-07T10:26:29.391959,cachewinograd,64,32,56,56,344,754.1855230001602
2026-08-07T10:26:29.391959,cachewinograd,64,32,56,56,345,752.6365449998593
2026-08-07T10:26:29.391959,cachewinograd,64,32,56,56,346,754.2881379999926
2026-08-07T10:26:29.391959,cachewinograd,64,32,56,56,347,753.2919459999903
2026-08-07T10:26:29.391959,cachewinograd,64,32,56,56,348,754.2290250003134
2026-08-07T10:26:29.391959,cachewinograd,64,32,56,56,349,753.7086389997967
2026-08-07T10:26:29.391959,cachewinograd,64,32,56,56,350,753.6476489999586
2026-08-07T10:26:29.391959,cachewinograd,64,32,56,56,351,756.170898000164
2026-08-07T10:26:29.391959,cachewinograd,64,32,56,56,352,754.0610589999233
2026-08-07T10:26:29.391959,cachewinograd,64,32,56,56,353,754.4819670001743
2026-08-07T10:26:29.391959,cachewinograd,64,32,56,56,354,753.5810409999613
2026-08-07T10:26:29.391959,cachewinograd,64,32,56,56,355,753.2694659998924
2026-08-07T10:26:29.391959,cachewinograd,64,32,56,56,356,753.8855920001879
2026-08-07T10:26:29.391959,cachewinograd,64,32,56,56,357,754.1825879998214
2026-08-07T10:26:29.391959,cachewinograd,64,32,56,56,358,753.9230470001712
2026-08-07T10:26:29.391959,cachewinograd,64,32,56,56,359,755.5059380001694
2026-08-07T10:26:29.391959,cachewinograd,64,32,56,56,360,755.6544369999756
2026-08-07T10:26:29.391959,cachewinograd,64,32,56,56,361,754.5127179996598
2026-08-07T10:26:29.391959,cachewinograd,64,32,56,56,362,753.6678370001937
2026-08-07T10:26:29.391959,cachewinograd,64,32,56,56,363,753.3337079999001
2026-08-07T10:26:29.391959,cachewinograd,64,32,56,56,364,755.0834829999076
2026-08-07T10:26:29.391959,cachewinograd,64,32,56,56,365,750.5300880002324
2026-08-07T10:26:29.391959,cachewinograd,64,32,56,56,366,753.6089899999752
2026-08-07T10:26:29.391959,cachewinograd,64,32,56,56,367,751.9851639999615
2026-08-07T10:26:29.391959,cachewinograd,64,32,56,56,368,753.285071999926
2026-08-07T10:26:29.391959,cachewinograd,64,32,56,56,369,750.3074309997828
2026-08-07T10:26:29.391959,cachewinograd,64,32,56,56,370,752.0700190002572
2026-08-07T10:26:29.391959,cachewinograd,64,32,56,56,371,751.1400799999137
2026-08-07T10:26:29.391959,cachewinograd,64,32,56,56,372,754.9746429999686
2026-08-07T10:26:29.391959,cachewinograd,64,32,56,56,373,751.2994159997106
2026-08-07T10:26:29.391959,cachewinograd,64,32,56,56,374,752.740582000115
2026-08-07T10:26:29.391959,cachewinograd,64,32,56,56,375,752.2504570001729
2026-08-07T10:26:29.391959,cachewinograd,64,32,56,56,376,759.2602249997071
2026-08-07T10:26:29.391959,cachewinograd,64,32,56,56,377,770.8020860000033
2026-08-07T10:26:29.391959,cachewinograd,64,32,56,56,378,761.8738979999762
2026-08-07T10:26:29.391959,cachewinograd,64,32,56,56,379,751.9599319998633
2026-08-07T10:26:29.391959,cachewinograd,64,32,56,56,380,753.4885499999291
2026-08-07T10:26:29.391959,cachewinograd,64,32,56,56,381,751.8553480003902
2026-08-07T10:26:29.391959,cachewinograd,64,32,56,56,382,752.9259240000101
2026-08-07T10:26:29.391959,cachewinograd,64,32,56,56,383,756.1553000000458
2026-08-07T10:26:29.391959,cachewinograd,64,32,56,56,384,753.5778860001301
2026-08-07T10:26:29.391959,cachewinograd,64,32,56,56,385,753.7451359999068
2026-08-07T10:26:29.391959,cachewinograd,64,32,56,56,386,751.7640019996179
2026-08-07T10:26:29.391959,cachewinograd,64,32,56,56,387,752.7026439997826
2026-08-07T10:26:29.391959,cachewinograd,64,32,56,56,388,752.7854629997819
2026-08-07T10:26:29.391959,cachewinograd,64,32,56,56,389,754.0310969998245
2026-08-07T10:26:29.391959,cachewinograd,64,32,56,56,390,751.2823739998566
2026-08-07T10:26:29.391959,cachewinograd,64,32,56,56,391,754.6457680000458
2026-08-07T10:26:29.391959,cachewinograd,64,32,56,56,392,753.7978129998919
2026-08-07T10:26:29.391959,cachewinograd,64,32,56,56,393,755.0278229996366
2026-08-07T10:26:29.391959,cachewinograd,64,32,56,56,394,750.7381379996332
2026-08-07T10:26:29.391959,cachewinograd,64,32,56,56,395,754.3082099996354
2026-08-07T10:26:29.391959,cachewinograd,64,32,56,56,396,752.920228000221
2026-08-07T10:26:29.391959,cachewinograd,64,32,56,56,397,754.6316670000124
2026-08-07T10:26:29.391959,cachewinograd,64,32,56,56,398,750.6795519998377
2026-08-07T10:26:29.391959,cachewinograd,64,32,56,56,399,754.9092369999926
2026-08-07T10:26:29.391959,cachewinograd,64,32,56,56,400,758.0125150002459
2026-08-07T10:26:29.391959,cachewinograd,64,32,56,56,401,754.432708999957
2026-08-07T10:26:29.391959,cachewinograd,64,32,56,56,402,753.8851330000398
2026-08-07T10:26:29.391959,cachewinograd,64,32,56,56,403,754.1209279997929
2026-08-07T10:26:29.391959,cachewinograd,64,32,56,56,404,754.8724769999353
2026-08-07T10:26:29.391959,cachewinograd,64,32,56,56,405,753.6524719998852
2026-08-07T10:26:29.391959,cachewinograd,64,32,56,56,406,753.2097980001708
2026-08-07T10:26:29.391959,cachewinograd,64,32,56,56,407,751.4341920000334
2026-08-07T10:26:29.391959,cachewinograd,64,32,56,56,408,754.9401460000809
2026-08-07T10:26:29.391959,cachewinograd,64,32,56,56,409,752.9243220001263
2026-08-07T10:26:29.391959,cachewinograd,64,32,56,56,410,753.1782419996489
2026-08-07T10:26:29.391959,cachewinograd,64,32,56,56,411,753.9160410001386
2026-08-07T10:26:29.391959,cachewinograd,64,32,56,56,412,754.9011430000974
2026-08-07T10:26:29.391959,cachewinograd,64,32,56,56,413,751.1220040000808
2026-08-07T10:26:29.391959,cachewinograd,64,32,56,56,414,753.7889580003139
2026-08-07T10:26:29.391959,cachewinograd,64,32,56,56,415,752.9122000000825
2026-08-07T10:26:29.391959,cachewinograd,64,32,56,56,416,756.1815280000701
2026-08-07T10:26:29.391959,cachewinograd,64,32,56,56,417,755.1558550003392
2026-08-07T10:26:29.391959,cachewinograd,64,32,56,56,418,752.2850929999549
2026-08-07T10:26:29.391959,cachewinograd,64,32,56,56,419,753.9268420000553
2026-08-07T10:26:29.391959,cachewinograd,64,32,56,56,420,754.5904700000392
2026-08-07T10:26:29.391959,cachewinograd,64,32,56,56,421,755.0127319996136
2026-08-07T10:26:29.391959,cachewinograd,64,32,56,56,422,752.8564320000442
2026-08-07T10:26:29.391959,cachewinograd,64,32,56,56,423,754.824914999972
2026-08-07T10:26:29.391959,cachewinograd,64,32,56,56,424,754.6918899997763
2026-08-07T10:26:29.391959,cachewinograd,64,32,56,56,425,753.5282419999021
2026-08-07T10:26:29.391959,cachewinograd,64,32,56,56,426,753.2500530001016
2026-08-07T10:26:29.391959,cachewinograd,64,32,56,56,427,753.3627709999564
2026-08-07T10:26:29.391959,cachewinograd,64,32,56,56,428,754.7259640000448
2026-08-07T10:26:29.391959,cachewinograd,64,32,56,56,429,751.6952979999587
2026-08-07T10:26:29.391959,cachewinograd,64,32,56,56,430,753.5805480001727
2026-08-07T10:26:29.391959,cachewinograd,64,32,56,56,431,753.3302780002487
2026-08-07T10:26:29.391959,cachewinograd,64,32,56,56,432,754.7907150001265
2026-08-07T10:26:29.391959,cachewinograd,64,32,56,56,433,751.4330550002342
2026-08-07T10:26:29.391959,cachewinograd,64,32,56,56,434,753.2153310003196
2026-08-07T10:26:29.391959,cachewinograd,64,32,56,56,435,751.8155780003326
2026-08-07T10:26:29.391959,cachewinograd,64,32,56,56,436,752.1775250002065
2026-08-07T10:26:29.391959,cachewinograd,64,32,56,56,437,757.4055410000256
2026-08-07T10:26:29.391959,cachewinograd,64,32,56,56,438,753.8556309996238
2026-08-07T10:26:29.391959,cachewinograd,64,32,56,56,439,752.0890910000162
2026-08-07T10:26:29.391959,cachewinograd,64,32,56,56,440,758.0881330000011
2026-08-07T10:26:29.391959,cachewinograd,64,32,56,56,441,756.1045490001561
2026-08-07T10:26:29.391959,cachewinograd,64,32,56,56,442,754.4540030003191
2026-08-07T10:26:29.391959,cachewinograd,64,32,56,56,443,752.5767269999051
2026-08-07T10:26:29.391959,cachewinograd,64,32,56,56,444,753.2123840001077
2026-08-07T10:26:29.391959,cachewinograd,64,32,56,56,445,753.8651790000586
2026-08-07T10:26:29.391959,cachewinograd,64,32,56,56,446,751.4373029998751
2026-08-07T10:26:29.391959,cachewinograd,64,32,56,56,447,750.3595970001697
2026-08-07T10:26:29.391959,cachewinograd,64,32,56,56,448,756.0387809999156
2026-08-07T10:26:29.391959,cachewinograd,64,32,56,56,449,753.2405739998467
2026-08-07T10:26:29.391959,cachewinograd,64,32,56,56,450,749.9167169999055
2026-08-07T10:26:29.391959,cachewinograd,64,32,56,56,451,751.8366039998909
2026-08-07T10:26:29.391959,cachewinograd,64,32,56,56,452,754.3318319999344
2026-08-07T10:26:29.391959,cachewinograd,64,32,56,56,453,752.333298999929
2026-08-07T10:26:29.391959,cachewinograd,64,32,56,56,454,750.5626420002045
2026-08-07T10:26:29.391959,cachewinograd,64,32,56,56,455,751.1157969997839
2026-08-07T10:26:29.391959,cachewinograd,64,32,56,56,456,756.0186410000824
2026-08-07T10:26:29.391959,cachewinograd,64,32,56,56,457,752.9433380000228
2026-08-07T10:26:29.391959,cachewinograd,64,32,56,56,458,749.8170950002532
2026-08-07T10:26:29.391959,cachewinograd,64,32,56,56,459,751.5006680000624
2026-08-07T10:26:29.391959,cachewinograd,64,32,56,56,460,753.4770160000335
2026-08-07T10:26:29.391959,cachewinograd,64,32,56,56,461,753.4805079999387
2026-08-07T10:26:29.391959,cachewinograd,64,32,56,56,462,750.8988230001705
2026-08-07T10:26:29.391959,cachewinograd,64,32,56,56,463,752.252745000078
2026-08-07T10:26:29.391959,cachewinograd,64,32,56,56,464,753.5556749999159
2026-08-07T10:26:29.391959,cachewinograd,64,32,56,56,465,753.42837900007
2026-08-07T10:26:29.391959,cachewinograd,64,32,56,56,466,750.8268480000879
2026-08-07T10:26:29.391959,cachewinograd,64,32,56,56,467,751.1448340001152
2026-08-07T10:26:29.391959,cachewinograd,64,32,56,56,468,751.7403870001544
2026-08-07T10:26:29.391959,cachewinograd,64,32,56,56,469,750.9888419999697
2026-08-07T10:26:29.391959,cachewinograd,64,32,56,56,470,751.1291630003143
2026-08-07T10:26:29.391959,cachewinograd,64,32,56,56,471,751.6426279998996
2026-08-07T10:26:29.391959,cachewinograd,64,32,56,56,472,758.2776399999602
2026-08-07T10:26:29.391959,cachewinograd,64,32,56,56,473,752.4554840001656
2026-08-07T10:26:29.391959,cachewinograd,64,32,56,56,474,749.8809349999647
2026-08-07T10:26:29.391959,cachewinograd,64,32,56,56,475,750.9978660000343
2026-08-07T10:26:29.391959,cachewinograd,64,32,56,56,476,752.7706619998753
2026-08-07T10:26:29.391959,cachewinograd,64,32,56,56,477,751.688841000032
2026-08-07T10:26:29.391959,cachewinograd,64,32,56,56,478,750.9996429998864
2026-08-07T10:26:29.391959,cachewinograd,64,32,56,56,479,752.1498579999388
2026-08-07T10:26:29.391959,cachewinograd,64,32,56,56,480,754.8824919999788
2026-08-07T10:26:29.391959,cachewinograd,64,32,56,56,481,756.9373339997583
2026-08-07T10:26:29.391959,cachewinograd,64,32,56,56,482,753.836038999907
2026-08-07T10:26:29.391959,cachewinograd,64,32,56,56,483,754.8344759998145
2026-08-07T10:26:29.391959,cachewinograd,64,32,56,56,484,754.6363960000235
2026-08-07T10:26:29.391959,cachewinograd,64,32,56,56,485,755.2670529998977
2026-08-07T10:26:29.391959,cachewinograd,64,32,56,56,486,751.9859050003106
2026-08-07T10:26:29.391959,cachewinograd,64,32,56,56,487,754.4877479999741
2026-08-07T10:26:29.391959,cachewinograd,64,32,56,56,488,753.7888110000495
2026-08-07T10:26:29.391959,cachewinograd,64,32,56,56,489,755.4462890002469
2026-08-07T10:26:29.391959,cachewinograd,64,32,56,56,490,751.5125059999264
2026-08-07T10:26:29.391959,cachewinograd,64,32,56,56,491,753.7477730002138
2026-08-07T10:26:29.391959,cachewinograd,64,32,56,56,492,752.9514340003516
2026-08-07T10:26:29.391959,cachewinograd,64,32,56,56,493,754.7265739999602
2026-08-07T10:26:29.391959,cachewinograd,64,32,56,56,494,749.9695219999012
2026-08-07T10:26:29.391959,cachewinograd,64,32,56,56,495,754.6492830001625
2026-08-07T10:26:29.391959,cachewinograd,64,32,56,56,496,755.4993270000523
2026-08-07T10:26:29.391959,cachewinograd,64,32,56,56,497,753.7180439999247
2026-08-07T10:26:29.391959,cachewinograd,64,32,56,56,498,758.8265770000362
2026-08-07T10:26:29.391959,cachewinograd,64,32,56,56,499,752.3150630004238
2026-08-07T10:26:29.391959,cachewinograd,64,32,56,56,500,754.0798390000418
2026-08-07T10:26:29.391959,cachewinograd,64,32,56,56,501,753.0702609997206
2026-08-07T10:26:29.391959,cachewinograd,64,32,56,56,502,752.0508379998319
2026-08-07T10:26:29.391959,cachewinograd,64,32,56,56,503,752.5963869998122
2026-08-07T10:26:29.391959,cachewinograd,64,32,56,56,504,757.4883469997076
2026-08-07T10:26:29.391959,cachewinograd,64,32,56,56,505,753.4809140001926
2026-08-07T10:26:29.391959,cachewinograd,64,32,56,56,506,752.5275359998886
2026-08-07T10:26:29.391959,cachewinograd,64,32,56,56,507,752.9554230000031
2026-08-07T10:26:29.391959,cachewinograd,64,32,56,56,508,753.3024740000656
2026-08-07T10:26:29.391959,cachewinograd,64,32,56,56,509,755.1016790002905
2026-08-07T10:26:29.391959,cachewinograd,64,32,56,56,510,752.5597339999877
2026-08-07T10:26:29.391959,cachewinograd,64,32,56,56,511,753.4691549999479
2026-08-07T10:26:29.391959,cachewinograd,64,32,56,56,512,755.0140759999522
2026-08-07T10:26:29.391959,cachewinograd,64,32,56,56,513,754.8616750000292
2026-08-07T10:26:29.391959,cachewinograd,64,32,56,56,514,753.2520670001759
2026-08-07T10:26:29.391959,cachewinograd,64,32,56,56,515,752.7126680001857
2026-08-07T10:26:29.391959,cachewinograd,64,32,56,56,516,753.4602069999892
2026-08-07T10:26:29.391959,cachewinograd,64,32,56,56,517,755.191386000206
2026-08-07T10:26:29.391959,cachewinograd,64,32,56,56,518,753.7425669997901
2026-08-07T10:26:29.391959,cachewinograd,64,32,56,56,519,753.2869739998205
2026-08-07T10:26:29.391959,cachewinograd,64,32,56,56,520,754.6235519998845
2026-08-07T10:26:29.391959,cachewinograd,64,32,56,56,521,755.924712000251
2026-08-07T10:26:29.391959,cachewinograd,64,32,56,56,522,756.3386920000994
2026-08-07T10:26:29.391959,cachewinograd,64,32,56,56,523,753.0920770000193
2026-08-07T10:26:29.391959,cachewinograd,64,32,56,56,524,754.8888339997575
2026-08-07T10:26:29.391959,cachewinograd,64,32,56,56,525,753.9834789999986
2026-08-07T10:26:29.391959,cachewinograd,64,32,56,56,526,755.8323729999756
2026-08-07T10:26:29.391959,cachewinograd,64,32,56,56,527,753.1194309999591
2026-08-07T10:26:29.391959,cachewinograd,64,32,56,56,528,757.0781670001452
2026-08-07T10:26:29.391959,cachewinograd,64,32,56,56,529,756.3778749999983
2026-08-07T10:26:29.391959,cachewinograd,64,32,56,56,530,755.1318779997018
2026-08-07T10:26:29.391959,cachewinograd,64,32,56,56,531,751.9155770000907
2026-08-07T10:26:29.391959,cachewinograd,64,32,56,56,532,752.1709050001846
2026-08-07T10:26:29.391959,cachewinograd,64,32,56,56,533,779.7304279997661
2026-08-07T10:26:29.391959,cachewinograd,64,32,56,56,534,753.9420890002475
2026-08-07T10:26:29.391959,cachewinograd,64,32,56,56,535,757.403040999634
2026-08-07T10:26:29.391959,cachewinograd,64,32,56,56,536,759.3217290000212
2026-08-07T10:26:29.391959,cachewinograd,64,32,56,56,537,754.8567750000075
2026-08-07T10:26:29.391959,cachewinograd,64,32,56,56,538,755.691348000255
2026-08-07T10:26:29.391959,cachewinograd,64,32,56,56,539,753.2902950001699
2026-08-07T10:26:29.391959,cachewinograd,64,32,56,56,540,755.4372250001506
2026-08-07T10:26:29.391959,cachewinograd,64,32,56,56,541,754.983350999737
2026-08-07T10:26:29.391959,cachewinograd,64,32,56,56,542,758.8389060001646
2026-08-07T10:26:29.391959,cachewinograd,64,32,56,56,543,754.0089320000334
2026-08-07T10:26:29.391959,cachewinograd,64,32,56,56,544,756.7046379999738
2026-08-07T10:26:29.391959,cachewinograd,64,32,56,56,545,755.2767590000258
2026-08-07T10:26:29.391959,cachewinograd,64,32,56,56,546,756.5807829996629
2026-08-07T10:26:29.391959,cachewinograd,64,32,56,56,547,754.3523420004021
2026-08-07T10:26:29.391959,cachewinograd,64,32,56,56,548,752.7690379997694
2026-08-07T10:26:29.391959,cachewinograd,64,32,56,56,549,756.0215419998713
2026-08-07T10:26:29.391959,cachewinograd,64,32,56,56,550,755.730801000027
2026-08-07T10:26:29.391959,cachewinograd,64,32,56,56,551,753.3551139999872
2026-08-07T10:26:29.391959,cachewinograd,64,32,56,56,552,754.8331560001316
2026-08-07T10:26:29.391959,cachewinograd,64,32,56,56,553,754.7954490000848
2026-08-07T10:26:29.391959,cachewinograd,64,32,56,56,554,756.7460660002325
2026-08-07T10:26:29.391959,cachewinograd,64,32,56,56,555,755.3189149998616
2026-08-07T10:26:29.391959,cachewinograd,64,32,56,56,556,755.1776599998448
2026-08-07T10:26:29.391959,cachewinograd,64,32,56,56,557,755.3910050000923
2026-08-07T10:26:29.391959,cachewinograd,64,32,56,56,558,754.5070579999447
2026-08-07T10:26:29.391959,cachewinograd,64,32,56,56,559,754.4874759996674
2026-08-07T10:26:29.391959,cachewinograd,64,32,56,56,560,754.2351209999651
2026-08-07T10:26:29.391959,cachewinograd,64,32,56,56,561,755.5998259999797
2026-08-07T10:26:29.391959,cachewinograd,64,32,56,56,562,753.0398590001823
2026-08-07T10:26:29.391959,cachewinograd,64,32,56,56,563,754.9663090003378
2026-08-07T10:26:29.391959,cachewinograd,64,32,56,56,564,752.5889539997479
2026-08-07T10:26:29.391959,cachewinograd,64,32,56,56,565,752.8495430001385
2026-08-07T10:26:29.391959,cachewinograd,64,32,56,56,566,751.8203270001322
2026-08-07T10:26:29.391959,cachewinograd,64,32,56,56,567,756.275025999912
2026-08-07T10:26:29.391959,cachewinograd,64,32,56,56,568,755.4740519999541
2026-08-07T10:26:29.391959,cachewinograd,64,32,56,56,569,751.6735040003368
2026-08-07T10:26:29.391959,cachewinograd,64,32,56,56,570,753.7516789998335
2026-08-07T10:26:29.391959,cachewinograd,64,32,56,56,571,753.0831069998385
2026-08-07T10:26:29.391959,cachewinograd,64,32,56,56,572,754.575004000344
2026-08-07T10:26:29.391959,cachewinograd,64,32,56,56,573,771.2606140003118
2026-08-07T10:26:29.391959,cachewinograd,64,32,56,56,574,752.3824539998714
2026-08-07T10:26:29.391959,cachewinograd,64,32,56,56,575,757.6316180002323
2026-08-07T10:26:29.391959,cachewinograd,64,32,56,56,576,752.2776079999858
2026-08-07T10:26:29.391959,cachewinograd,64,32,56,56,577,756.9950289998815
2026-08-07T10:26:29.391959,cachewinograd,64,32,56,56,578,758.8565790001667
2026-08-07T10:26:29.391959,cachewinograd,64,32,56,56,579,758.3681190003517
2026-08-07T10:26:29.391959,cachewinograd,64,32,56,56,580,754.0906729996095
2026-08-07T10:26:29.391959,cachewinograd,64,32,56,56,581,753.1043240001054
2026-08-07T10:26:29.391959,cachewinograd,64,32,56,56,582,751.6000340001483
2026-08-07T10:26:29.391959,cachewinograd,64,32,56,56,583,753.5749240000769
2026-08-07T10:26:29.391959,cachewinograd,64,32,56,56,584,753.3229870000469
2026-08-07T10:26:29.391959,cachewinograd,64,32,56,56,585,751.653011000144
2026-08-07T10:26:29.391959,cachewinograd,64,32,56,56,586,753.5468559999572
2026-08-07T10:26:29.391959,cachewinograd,64,32,56,56,587,752.5758710003174
2026-08-07T10:26:29.391959,cachewinograd,64,32,56,56,588,752.7265059998172
2026-08-07T10:26:29.391959,cachewinograd,64,32,56,56,589,752.9684989999623
2026-08-07T10:26:29.391959,cachewinograd,64,32,56,56,590,753.1571559998156
2026-08-07T10:26:29.391959,cachewinograd,64,32,56,56,591,756.4379430000372
2026-08-07T10:26:29.391959,cachewinograd,64,32,56,56,592,751.4019170002939
2026-08-07T10:26:29.391959,cachewinograd,64,32,56,56,593,753.8896969999769
2026-08-07T10:26:29.391959,cachewinograd,64,32,56,56,594,752.8820980001001
2026-08-07T10:26:29.391959,cachewinograd,64,32,56,56,595,753.7261509996824
2026-08-07T10:26:29.391959,cachewinograd,64,32,56,56,596,751.4004659997227
2026-08-07T10:26:29.391959,cachewinograd,64,32,56,56,597,757.8101049998622
2026-08-07T10:26:29.391959,cachewinograd,64,32,56,56,598,753.9468960003433
2026-08-07T10:26:29.391959,cachewinograd,64,32,56,56,599,755.7461520000288
2026-08-07T10:26:29.391959,cachewinograd,64,32,56,56,600,751.6862170000422
2026-08-07T10:26:29.391959,cachewinograd,64,32,56,56,601,754.1327439998895
2026-08-07T10:26:29.391959,cachewinograd,64,32,56,56,602,749.6443490003912
2026-08-07T10:26:29.391959,cachewinograd,64,32,56,56,603,752.9886289999013
2026-08-07T10:26:29.391959,cachewinograd,64,32,56,56,604,751.6189799998756
2026-08-07T10:26:29.391959,cachewinograd,64,32,56,56,605,753.92253300015
2026-08-07T10:26:29.391959,cachewinograd,64,32,56,56,606,751.2417790003383
2026-08-07T10:26:29.391959,cachewinograd,64,32,56,56,607,757.1384750003745
2026-08-07T10:26:29.391959,cachewinograd,64,32,56,56,608,752.8752470002473
2026-08-07T10:26:29.391959,cachewinograd,64,32,56,56,609,752.9446789999383
2026-08-07T10:26:29.391959,cachewinograd,64,32,56,56,610,753.7530019999394
2026-08-07T10:26:29.391959,cachewinograd,64,32,56,56,611,753.5417960002633
2026-08-07T10:26:29.391959,cachewinograd,64,32,56,56,612,753.2123539999702
2026-08-07T10:26:29.391959,cachewinograd,64,32,56,56,613,752.2704860002705
2026-08-07T10:26:29.391959,cachewinograd,64,32,56,56,614,752.4409659999947
2026-08-07T10:26:29.391959,cachewinograd,64,32,56,56,615,755.6400829998893
2026-08-07T10:26:29.391959,cachewinograd,64,32,56,56,616,751.8130739999833
2026-08-07T10:26:29.391959,cachewinograd,64,32,56,56,617,752.7133789999425
2026-08-07T10:26:29.391959,cachewinograd,64,32,56,56,618,755.4772670000602
2026-08-07T10:26:29.391959,cachewinograd,64,32,56,56,619,752.0413719998942
2026-08-07T10:26:29.391959,cachewinograd,64,32,56,56,620,753.8662540000587
2026-08-07T10:26:29.391959,cachewinograd,64,32,56,56,621,756.4635700000508
2026-08-07T10:26:29.391959,cachewinograd,64,32,56,56,622,755.1676760003829
2026-08-07T10:26:29.391959,cachewinograd,64,32,56,56,623,754.0540290001445
2026-08-07T10:26:29.391959,cachewinograd,64,32,56,56,624,754.4377470003383
2026-08-07T10:26:29.391959,cachewinograd,64,32,56,56,625,751.843923999786
2026-08-07T10:26:29.391959,cachewinograd,64,32,56,56,626,753.4635359997992
2026-08-07T10:26:29.391959,cachewinograd,64,32,56,56,627,754.1592490001676
2026-08-07T10:26:29.391959,cachewinograd,64,32,56,56,628,750.2860399999918
2026-08-07T10:26:29.391959,cachewinograd,64,32,56,56,629,752.6818359997378
2026-08-07T10:26:29.391959,cachewinograd,64,32,56,56,630,752.9391429998213
2026-08-07T10:26:29.391959,cachewinograd,64,32,56,56,631,791.1012750000737
2026-08-07T10:26:29.391959,cachewinograd,64,32,56,56,632,786.2764050000806
2026-08-07T10:26:29.391959,cachewinograd,64,32,56,56,633,753.560166999705
2026-08-07T10:26:29.391959,cachewinograd,64,32,56,56,634,753.0088930002421
2026-08-07T10:26:29.391959,cachewinograd,64,32,56,56,635,754.7399680001945
2026-08-07T10:26:29.391959,cachewinograd,64,32,56,56,636,750.289230999897
2026-08-07T10:26:29.391959,cachewinograd,64,32,56,56,637,754.1631200001575
2026-08-07T10:26:29.391959,cachewinograd,64,32,56,56,638,752.3631379999642
2026-08-07T10:26:29.391959,cachewinograd,64,32,56,56,639,756.2091090003378
2026-08-07T10:26:29.391959,cachewinograd,64,32,56,56,640,750.5807110001115
2026-08-07T10:26:29.391959,cachewinograd,64,32,56,56,641,755.8950880002158
2026-08-07T10:26:29.391959,cachewinograd,64,32,56,56,642,756.5627769999992
2026-08-07T10:26:29.391959,cachewinograd,64,32,56,56,643,754.0527609999117
2026-08-07T10:26:29.391959,cachewinograd,64,32,56,56,644,753.3528320000187
2026-08-07T10:26:29.391959,cachewinograd,64,32,56,56,645,753.3806999999797
2026-08-07T10:26:29.391959,cachewinograd,64,32,56,56,646,754.465963000257
2026-08-07T10:26:29.391959,cachewinograd,64,32,56,56,647,753.4687289999056
2026-08-07T10:26:29.391959,cachewinograd,64,32,56,56,648,752.6274899996679
2026-08-07T10:26:29.391959,cachewinograd,64,32,56,56,649,753.0438670000876
2026-08-07T10:26:29.391959,cachewinograd,64,32,56,56,650,754.0897540002334
2026-08-07T10:26:29.391959,cachewinograd,64,32,56,56,651,752.0026219999636
2026-08-07T10:26:29.391959,cachewinograd,64,32,56,56,652,752.2646669999631
2026-08-07T10:26:29.391959,cachewinograd,64,32,56,56,653,770.3489420000551
2026-08-07T10:26:29.391959,cachewinograd,64,32,56,56,654,753.0106449999039
2026-08-07T10:26:29.391959,cachewinograd,64,32,56,56,655,755.6474950001757
2026-08-07T10:26:29.391959,cachewinograd,64,32,56,56,656,749.5005279997713
2026-08-07T10:26:29.391959,cachewinograd,64,32,56,56,657,752.5706799997351
2026-08-07T10:26:29.391959,cachewinograd,64,32,56,56,658,751.4938579997761
2026-08-07T10:26:29.391959,cachewinograd,64,32,56,56,659,753.0033089997232
2026-08-07T10:26:29.391959,cachewinograd,64,32,56,56,660,751.0550899996815
2026-08-07T10:26:29.391959,cachewinograd,64,32,56,56,661,753.930285000024
2026-08-07T10:26:29.391959,cachewinograd,64,32,56,56,662,753.0274810001174
2026-08-07T10:26:29.391959,cachewinograd,64,32,56,56,663,753.101549999883
2026-08-07T10:26:29.391959,cachewinograd,64,32,56,56,664,751.3320369998837
2026-08-07T10:26:29.391959,cachewinograd,64,32,56,56,665,753.5100619998047
2026-08-07T10:26:29.391959,cachewinograd,64,32,56,56,666,752.6151239999308
2026-08-07T10:26:29.391959,cachewinograd,64,32,56,56,667,753.9675880002505
2026-08-07T10:26:29.391959,cachewinograd,64,32,56,56,668,752.2393790000024
2026-08-07T10:26:29.391959,cachewinograd,64,32,56,56,669,753.6793989997932
2026-08-07T10:26:29.391959,cachewinograd,64,32,56,56,670,752.9700960003538
2026-08-07T10:26:29.391959,cachewinograd,64,32,56,56,671,755.0153539996245
2026-08-07T10:26:29.391959,cachewinograd,64,32,56,56,672,750.8433799998784
2026-08-07T10:26:29.391959,cachewinograd,64,32,56,56,673,752.8922319997946
2026-08-07T10:26:29.391959,cachewinograd,64,32,56,56,674,753.2444389999
2026-08-07T10:26:29.391959,cachewinograd,64,32,56,56,675,754.288188999908
2026-08-07T10:26:29.391959,cachewinograd,64,32,56,56,676,752.2600180000154
2026-08-07T10:26:29.391959,cachewinograd,64,32,56,56,677,752.9166140002417
2026-08-07T10:26:29.391959,cachewinograd,64,32,56,56,678,753.3485640001345
2026-08-07T10:26:29.391959,cachewinograd,64,32,56,56,679,753.1139190000431
2026-08-07T10:26:29.391959,cachewinograd,64,32,56,56,680,751.9195390000277
2026-08-07T10:26:29.391959,cachewinograd,64,32,56,56,681,754.9440640000284
2026-08-07T10:26:29.391959,cachewinograd,64,32,56,56,682,764.4871910001712
2026-08-07T10:26:29.391959,cachewinograd,64,32,56,56,683,752.8217760000189
2026-08-07T10:26:29.391959,cachewinograd,64,32,56,56,684,753.7491670000236
2026-08-07T10:26:29.391959,cachewinograd,64,32,56,56,685,770.2616460001082
2026-08-07T10:26:29.391959,cachewinograd,64,32,56,56,686,752.286181999807
2026-08-07T10:26:29.391959,cachewinograd,64,32,56,56,687,753.8035490001675
2026-08-07T10:26:29.391959,cachewinograd,64,32,56,56,688,751.2504039996202
2026-08-07T10:26:29.391959,cachewinograd,64,32,56,56,689,755.3327410000747
2026-08-07T10:26:29.391959,cachewinograd,64,32,56,56,690,753.4115030002795
2026-08-07T10:26:29.391959,cachewinograd,64,32,56,56,691,753.1531070003439
2026-08-07T10:26:29.391959,cachewinograd,64,32,56,56,692,752.727359000346
2026-08-07T10:26:29.391959,cachewinograd,64,32,56,56,693,751.8193989999418
2026-08-07T10:26:29.391959,cachewinograd,64,32,56,56,694,758.3167500001764
2026-08-07T10:26:29.391959,cachewinograd,64,32,56,56,695,753.9237239998329
2026-08-07T10:26:29.391959,cachewinograd,64,32,56,56,696,751.103325999793
2026-08-07T10:26:29.391959,cachewinograd,64,32,56,56,697,751.7476299999544
2026-08-07T10:26:29.391959,cachewinograd,64,32,56,56,698,752.5032410003405
2026-08-07T10:26:29.391959,cachewinograd,64,32,56,56,699,760.0974189999761
2026-08-07T10:26:29.391959,cachewinograd,64,32,56,56,700,753.3662050000203
2026-08-07T10:26:29.391959,cachewinograd,64,32,56,56,701,756.6663149996202
2026-08-07T10:26:29.391959,cachewinograd,64,32,56,56,702,754.6987200003059
2026-08-07T10:26:29.391959,cachewinograd,64,32,56,56,703,755.1613489999909
2026-08-07T10:26:29.391959,cachewinograd,64,32,56,56,704,753.3708460000526
2026-08-07T10:26:29.391959,cachewinograd,64,32,56,56,705,752.5988820002567
2026-08-07T10:26:29.391959,cachewinograd,64,32,56,56,706,751.9295279998914
2026-08-07T10:26:29.391959,cachewinograd,64,32,56,56,707,752.8067610001017
2026-08-07T10:26:29.391959,cachewinograd,64,32,56,56,708,751.1707960002241
2026-08-07T10:26:29.391959,cachewinograd,64,32,56,56,709,752.5920130001396
2026-08-07T10:26:29.391959,cachewinograd,64,32,56,56,710,752.2449140001299
2026-08-07T10:26:29.391959,cachewinograd,64,32,56,56,711,784.963608000453
2026-08-07T10:26:29.391959,cachewinograd,64,32,56,56,712,775.6382030001987
2026-08-07T10:26:29.391959,cachewinograd,64,32,56,56,713,749.7068769998805
2026-08-07T10:26:29.391959,cachewinograd,64,32,56,56,714,752.717807999943
2026-08-07T10:26:29.391959,cachewinograd,64,32,56,56,715,751.9617829998424
2026-08-07T10:26:29.391959,cachewinograd,64,32,56,56,716,753.0269419999058
2026-08-07T10:26:29.391959,cachewinograd,64,32,56,56,717,753.3270089998041
2026-08-07T10:26:29.391959,cachewinograd,64,32,56,56,718,752.1221070001047
2026-08-07T10:26:29.391959,cachewinograd,64,32,56,56,719,752.9348570001275
2026-08-07T10:26:29.391959,cachewinograd,64,32,56,56,720,753.326492999804
2026-08-07T10:26:29.391959,cachewinograd,64,32,56,56,721,753.7814130000697
2026-08-07T10:26:29.391959,cachewinograd,64,32,56,56,722,756.0565779999706
2026-08-07T10:26:29.391959,cachewinograd,64,32,56,56,723,752.7683439998327
2026-08-07T10:26:29.391959,cachewinograd,64,32,56,56,724,753.6730259998876
2026-08-07T10:26:29.391959,cachewinograd,64,32,56,56,725,752.9203340000095
2026-08-07T10:26:29.391959,cachewinograd,64,32,56,56,726,753.7258440002006
2026-08-07T10:26:29.391959,cachewinograd,64,32,56,56,727,754.1548250001142
2026-08-07T10:26:29.391959,cachewinograd,64,32,56,56,728,753.6144880000393
2026-08-07T10:26:29.391959,cachewinograd,64,32,56,56,729,754.5205229998828
2026-08-07T10:26:29.391959,cachewinograd,64,32,56,56,730,751.6081419998955
2026-08-07T10:26:29.391959,cachewinograd,64,32,56,56,731,753.9240379996954
2026-08-07T10:26:29.391959,cachewinograd,64,32,56,56,732,752.3816720004106
2026-08-07T10:26:29.391959,cachewinograd,64,32,56,56,733,754.4092729999647
2026-08-07T10:26:29.391959,cachewinograd,64,32,56,56,734,754.0360279999732
2026-08-07T10:26:29.391959,cachewinograd,64,32,56,56,735,755.3994289996808
2026-08-07T10:26:29.391959,cachewinograd,64,32,56,56,736,753.1683319998592
2026-08-07T10:26:29.391959,cachewinograd,64,32,56,56,737,754.4293330001892
2026-08-07T10:26:29.391959,cachewinograd,64,32,56,56,738,752.2975100000622
2026-08-07T10:26:29.391959,cachewinograd,64,32,56,56,739,754.2681290001383
2026-08-07T10:26:29.391959,cachewinograd,64,32,56,56,740,754.6113250000417
2026-08-07T10:26:29.391959,cachewinograd,64,32,56,56,741,753.5608059997685
2026-08-07T10:26:29.391959,cachewinograd,64,32,56,56,742,753.1577669997205
2026-08-07T10:26:29.391959,cachewinograd,64,32,56,56,743,754.0193729996645
2026-08-07T10:26:29.391959,cachewinograd,64,32,56,56,744,754.5680990001529
2026-08-07T10:26:29.391959,cachewinograd,64,32,56,56,745,752.6086820003002
2026-08-07T10:26:29.391959,cachewinograd,64,32,56,56,746,753.4469020001779
2026-08-07T10:26:29.391959,cachewinograd,64,32,56,56,747,753.7431679998008
2026-08-07T10:26:29.391959,cachewinograd,64,32,56,56,748,754.4507030002023
2026-08-07T10:26:29.391959,cachewinograd,64,32,56,56,749,753.5087839996777
2026-08-07T10:26:29.391959,cachewinograd,64,32,56,56,750,754.1901730000973
2026-08-07T10:26:29.391959,cachewinograd,64,32,56,56,751,752.9231839998829
2026-08-07T10:26:29.391959,cachewinograd,64,32,56,56,752,753.7900530001025
2026-08-07T10:26:29.391959,cachewinograd,64,32,56,56,753,753.2339330000468
2026-08-07T10:26:29.391959,cachewinograd,64,32,56,56,754,753.3060730002035
2026-08-07T10:26:29.391959,cachewinograd,64,32,56,56,755,753.7149999998292
2026-08-07T10:26:29.391959,cachewinograd,64,32,56,56,756,753.2072680000965
2026-08-07T10:26:29.391959,cachewinograd,64,32,56,56,757,759.2758499999945
2026-08-07T10:26:29.391959,cachewinograd,64,32,56,56,758,752.1896160001234
2026-08-07T10:26:29.391959,cachewinograd,64,32,56,56,759,754.5909339996797
2026-08-07T10:26:29.391959,cachewinograd,64,32,56,56,760,752.4037449998104
2026-08-07T10:26:29.391959,cachewinograd,64,32,56,56,761,754.9756449998313
2026-08-07T10:26:29.391959,cachewinograd,64,32,56,56,762,753.0479980000564
2026-08-07T10:26:29.391959,cachewinograd,64,32,56,56,763,753.9958070001376
2026-08-07T10:26:29.391959,cachewinograd,64,32,56,56,764,752.449272999911
2026-08-07T10:26:29.391959,cachewinograd,64,32,56,56,765,752.5361020002492
2026-08-07T10:26:29.391959,cachewinograd,64,32,56,56,766,754.9336689999109
2026-08-07T10:26:29.391959,cachewinograd,64,32,56,56,767,752.4704769998607
2026-08-07T10:26:29.391959,cachewinograd,64,32,56,56,768,753.0996760001472
2026-08-07T10:26:29.391959,cachewinograd,64,32,56,56,769,753.2182770000873
2026-08-07T10:26:29.391959,cachewinograd,64,32,56,56,770,750.8602980001342
2026-08-07T10:26:29.391959,cachewinograd,64,32,56,56,771,754.7440839998671
2026-08-07T10:26:29.391959,cachewinograd,64,32,56,56,772,752.9942589999337
2026-08-07T10:26:29.391959,cachewinograd,64,32,56,56,773,752.8435239996725
2026-08-07T10:26:29.391959,cachewinograd,64,32,56,56,774,757.7886650001346
2026-08-07T10:26:29.391959,cachewinograd,64,32,56,56,775,753.2507349997104
2026-08-07T10:26:29.391959,cachewinograd,64,32,56,56,776,754.5351740000115
2026-08-07T10:26:29.391959,cachewinograd,64,32,56,56,777,752.9422850002447
2026-08-07T10:26:29.391959,cachewinograd,64,32,56,56,778,755.5040789998202
2026-08-07T10:26:29.391959,cachewinograd,64,32,56,56,779,753.4235610000906
2026-08-07T10:26:29.391959,cachewinograd,64,32,56,56,780,755.6199210002887
2026-08-07T10:26:29.391959,cachewinograd,64,32,56,56,781,753.3640819997345
2026-08-07T10:26:29.391959,cachewinograd,64,32,56,56,782,756.1080730001777
2026-08-07T10:26:29.391959,cachewinograd,64,32,56,56,783,755.4270509999697
2026-08-07T10:26:29.391959,cachewinograd,64,32,56,56,784,752.256166999814
2026-08-07T10:26:29.391959,cachewinograd,64,32,56,56,785,754.0688099998079
2026-08-07T10:26:29.391959,cachewinograd,64,32,56,56,786,753.3780999997362
2026-08-07T10:26:29.391959,cachewinograd,64,32,56,56,787,753.583578999951
2026-08-07T10:26:29.391959,cachewinograd,64,32,56,56,788,753.2514290001018
2026-08-07T10:26:29.391959,cachewinograd,64,32,56,56,789,753.4375340001134
2026-08-07T10:26:29.391959,cachewinograd,64,32,56,56,790,752.9093309999553
2026-08-07T10:26:29.391959,cachewinograd,64,32,56,56,791,754.5988959996066
2026-08-07T10:26:29.391959,cachewinograd,64,32,56,56,792,753.8755270002184
2026-08-07T10:26:29.391959,cachewinograd,64,32,56,56,793,754.3279479996272
2026-08-07T10:26:29.391959,cachewinograd,64,32,56,56,794,751.779176999662
2026-08-07T10:26:29.391959,cachewinograd,64,32,56,56,795,754.449310000382
2026-08-07T10:26:29.391959,cachewinograd,64,32,56,56,796,752.9699679998885
2026-08-07T10:26:29.391959,cachewinograd,64,32,56,56,797,754.5415569998113
2026-08-07T10:26:29.391959,cachewinograd,64,32,56,56,798,752.4853120003172
2026-08-07T10:26:29.391959,cachewinograd,64,32,56,56,799,752.9512739997699
2026-08-07T10:26:29.391959,cachewinograd,64,32,56,56,800,755.3409229999488
2026-08-07T10:26:29.391959,cachewinograd,64,32,56,56,801,754.3054570001004
2026-08-07T10:26:29.391959,cachewinograd,64,32,56,56,802,756.249304999983
2026-08-07T10:26:29.391959,cachewinograd,64,32,56,56,803,754.4988029999331
2026-08-07T10:26:29.391959,cachewinograd,64,32,56,56,804,755.3224900002533
2026-08-07T10:26:29.391959,cachewinograd,64,32,56,56,805,751.0716570000113
2026-08-07T10:26:29.391959,cachewinograd,64,32,56,56,806,755.3501510001297
2026-08-07T10:26:29.391959,cachewinograd,64,32,56,56,807,755.1869670000997
2026-08-07T10:26:29.391959,cachewinograd,64,32,56,56,808,752.9357630000959
2026-08-07T10:26:29.391959,cachewinograd,64,32,56,56,809,752.7032010002586
2026-08-07T10:26:29.391959,cachewinograd,64,32,56,56,810,752.8716480001094
2026-08-07T10:26:29.391959,cachewinograd,64,32,56,56,811,753.9852979998614
2026-08-07T10:26:29.391959,cachewinograd,64,32,56,56,812,754.1044720001082
2026-08-07T10:26:29.391959,cachewinograd,64,32,56,56,813,754.0918169997894
2026-08-07T10:26:29.391959,cachewinograd,64,32,56,56,814,752.6293500000065
2026-08-07T10:26:29.391959,cachewinograd,64,32,56,56,815,755.9192529997745
2026-08-07T10:26:29.391959,cachewinograd,64,32,56,56,816,752.8204039999764
2026-08-07T10:26:29.391959,cachewinograd,64,32,56,56,817,753.4811659998013
2026-08-07T10:26:29.391959,cachewinograd,64,32,56,56,818,751.8371810001554
2026-08-07T10:26:29.391959,cachewinograd,64,32,56,56,819,754.6036720000302
2026-08-07T10:26:29.391959,cachewinograd,64,32,56,56,820,752.565499999946
2026-08-07T10:26:29.391959,cachewinograd,64,32,56,56,821,755.0483850000091
2026-08-07T10:26:29.391959,cachewinograd,64,32,56,56,822,753.3886690002873
2026-08-07T10:26:29.391959,cachewinograd,64,32,56,56,823,755.0533879998511
2026-08-07T10:26:29.391959,cachewinograd,64,32,56,56,824,755.1578210000116
2026-08-07T10:26:29.391959,cachewinograd,64,32,56,56,825,752.7480680000735
2026-08-07T10:26:29.391959,cachewinograd,64,32,56,56,826,757.4772089997168
2026-08-07T10:26:29.391959,cachewinograd,64,32,56,56,827,754.6195689997148
2026-08-07T10:26:29.391959,cachewinograd,64,32,56,56,828,755.7172810002157
2026-08-07T10:26:29.391959,cachewinograd,64,32,56,56,829,752.5463440001658
2026-08-07T10:26:29.391959,cachewinograd,64,32,56,56,830,753.5859810000147
2026-08-07T10:26:29.391959,cachewinograd,64,32,56,56,831,753.0498609999086
2026-08-07T10:26:29.391959,cachewinograd,64,32,56,56,832,752.8440190003494
2026-08-07T10:26:29.391959,cachewinograd,64,32,56,56,833,751.4330660001178
2026-08-07T10:26:29.391959,cachewinograd,64,32,56,56,834,752.5590599998395
2026-08-07T10:26:29.391959,cachewinograd,64,32,56,56,835,752.5846869998531
2026-08-07T10:26:29.391959,cachewinograd,64,32,56,56,836,751.6593820000708
2026-08-07T10:26:29.391959,cachewinograd,64,32,56,56,837,750.9744530002536
2026-08-07T10:26:29.391959,cachewinograd,64,32,56,56,838,754.4457720000537
2026-08-07T10:26:29.391959,cachewinograd,64,32,56,56,839,751.7176699998345
2026-08-07T10:26:29.391959,cachewinograd,64,32,56,56,840,752.1568590000243
2026-08-07T10:26:29.391959,cachewinograd,64,32,56,56,841,751.9498709998516
2026-08-07T10:26:29.391959,cachewinograd,64,32,56,56,842,751.7749160001586
2026-08-07T10:26:29.391959,cachewinograd,64,32,56,56,843,752.7997080001114
2026-08-07T10:26:29.391959,cachewinograd,64,32,56,56,844,752.8145530000074
2026-08-07T10:26:29.391959,cachewinograd,64,32,56,56,845,752.1886900003665
2026-08-07T10:26:29.391959,cachewinograd,64,32,56,56,846,757.1702919999552
2026-08-07T10:26:29.391959,cachewinograd,64,32,56,56,847,753.6743400000887
2026-08-07T10:26:29.391959,cachewinograd,64,32,56,56,848,752.1762970000054
2026-08-07T10:26:29.391959,cachewinograd,64,32,56,56,849,753.2636959999763
2026-08-07T10:26:29.391959,cachewinograd,64,32,56,56,850,752.0650450001085
2026-08-07T10:26:29.391959,cachewinograd,64,32,56,56,851,754.1442110000389
2026-08-07T10:26:29.391959,cachewinograd,64,32,56,56,852,751.9137889999001
2026-08-07T10:26:29.391959,cachewinograd,64,32,56,56,853,757.9432550001002
2026-08-07T10:26:29.391959,cachewinograd,64,32,56,56,854,757.2123350000766
2026-08-07T10:26:29.391959,cachewinograd,64,32,56,56,855,753.0678600001011
2026-08-07T10:26:29.391959,cachewinograd,64,32,56,56,856,751.4954399998715
2026-08-07T10:26:29.391959,cachewinograd,64,32,56,56,857,753.4162130000368
2026-08-07T10:26:29.391959,cachewinograd,64,32,56,56,858,752.171829999952
2026-08-07T10:26:29.391959,cachewinograd,64,32,56,56,859,754.8077439996632
2026-08-07T10:26:29.391959,cachewinograd,64,32,56,56,860,753.7929549998807
2026-08-07T10:26:29.391959,cachewinograd,64,32,56,56,861,754.4989279999754
2026-08-07T10:26:29.391959,cachewinograd,64,32,56,56,862,757.3929259997385
2026-08-07T10:26:29.391959,cachewinograd,64,32,56,56,863,752.9999499997757
2026-08-07T10:26:29.391959,cachewinograd,64,32,56,56,864,752.5880039997901
2026-08-07T10:26:29.391959,cachewinograd,64,32,56,56,865,752.5269610000578
2026-08-07T10:26:29.391959,cachewinograd,64,32,56,56,866,752.5742550001269
2026-08-07T10:26:29.391959,cachewinograd,64,32,56,56,867,753.3700260000842
2026-08-07T10:26:29.391959,cachewinograd,64,32,56,56,868,752.616761000354
2026-08-07T10:26:29.391959,cachewinograd,64,32,56,56,869,753.0428240002038
2026-08-07T10:26:29.391959,cachewinograd,64,32,56,56,870,753.4058120004374
2026-08-07T10:26:29.391959,cachewinograd,64,32,56,56,871,753.7670810002055
2026-08-07T10:26:29.391959,cachewinograd,64,32,56,56,872,752.4028479997469
2026-08-07T10:26:29.391959,cachewinograd,64,32,56,56,873,752.3372719997496
2026-08-07T10:26:29.391959,cachewinograd,64,32,56,56,874,753.028715000255
2026-08-07T10:26:29.391959,cachewinograd,64,32,56,56,875,753.7255739998727
2026-08-07T10:26:29.391959,cachewinograd,64,32,56,56,876,754.7841169998719
2026-08-07T10:26:29.391959,cachewinograd,64,32,56,56,877,752.2090940001362
2026-08-07T10:26:29.391959,cachewinograd,64,32,56,56,878,753.7231299997984
2026-08-07T10:26:29.391959,cachewinograd,64,32,56,56,879,753.4121779999623
2026-08-07T10:26:29.391959,cachewinograd,64,32,56,56,880,753.5548419996303
2026-08-07T10:26:29.391959,cachewinograd,64,32,56,56,881,754.9211599998671
2026-08-07T10:26:29.391959,cachewinograd,64,32,56,56,882,753.1757629999447
2026-08-07T10:26:29.391959,cachewinograd,64,32,56,56,883,753.7188119999882
2026-08-07T10:26:29.391959,cachewinograd,64,32,56,56,884,753.2467060000272
2026-08-07T10:26:29.391959,cachewinograd,64,32,56,56,885,753.583651000099
2026-08-07T10:26:29.391959,cachewinograd,64,32,56,56,886,753.8062680000621
2026-08-07T10:26:29.391959,cachewinograd,64,32,56,56,887,755.7696469998518
2026-08-07T10:26:29.391959,cachewinograd,64,32,56,56,888,754.834602000301
2026-08-07T10:26:29.391959,cachewinograd,64,32,56,56,889,755.2626449996751
2026-08-07T10:26:29.391959,cachewinograd,64,32,56,56,890,752.6719980000962
2026-08-07T10:26:29.391959,cachewinograd,64,32,56,56,891,754.7681439996268
2026-08-07T10:26:29.391959,cachewinograd,64,32,56,56,892,754.7871049996502
2026-08-07T10:26:29.391959,cachewinograd,64,32,56,56,893,754.6912150000935
2026-08-07T10:26:29.391959,cachewinograd,64,32,56,56,894,757.9677850003463
2026-08-07T10:26:29.391959,cachewinograd,64,32,56,56,895,753.4418329996697
2026-08-07T10:26:29.391959,cachewinograd,64,32,56,56,896,754.4045899999219
2026-08-07T10:26:29.391959,cachewinograd,64,32,56,56,897,751.2763629997607
2026-08-07T10:26:29.391959,cachewinograd,64,32,56,56,898,753.6725770000885
2026-08-07T10:26:29.391959,cachewinograd,64,32,56,56,899,753.9177459998427
2026-08-07T10:26:29.391959,cachewinograd,64,32,56,56,900,755.2692209997076
2026-08-07T10:26:29.391959,cachewinograd,64,32,56,56,901,752.6776869999594
2026-08-07T10:26:29.391959,cachewinograd,64,32,56,56,902,756.7850270002054
2026-08-07T10:26:29.391959,cachewinograd,64,32,56,56,903,755.1357279999138
2026-08-07T10:26:29.391959,cachewinograd,64,32,56,56,904,754.618672000106
2026-08-07T10:26:29.391959,cachewinograd,64,32,56,56,905,753.1188080001812
2026-08-07T10:26:29.391959,cachewinograd,64,32,56,56,906,754.1294839998045
2026-08-07T10:26:29.391959,cachewinograd,64,32,56,56,907,755.6456539996361
2026-08-07T10:26:29.391959,cachewinograd,64,32,56,56,908,754.1376109998055
2026-08-07T10:26:29.391959,cachewinograd,64,32,56,56,909,754.1773020002438
2026-08-07T10:26:29.391959,cachewinograd,64,32,56,56,910,755.7485259999339
2026-08-07T10:26:29.391959,cachewinograd,64,32,56,56,911,755.0521399998615
2026-08-07T10:26:29.391959,cachewinograd,64,32,56,56,912,754.4663300000138
2026-08-07T10:26:29.391959,cachewinograd,64,32,56,56,913,754.1302210001959
2026-08-07T10:26:29.391959,cachewinograd,64,32,56,56,914,752.6448359999449
2026-08-07T10:26:29.391959,cachewinograd,64,32,56,56,915,753.7166609999986
2026-08-07T10:26:29.391959,cachewinograd,64,32,56,56,916,754.7646830003032
2026-08-07T10:26:29.391959,cachewinograd,64,32,56,56,917,758.0105219999496
2026-08-07T10:26:29.391959,cachewinograd,64,32,56,56,918,753.3679489997667
2026-08-07T10:26:29.391959,cachewinograd,64,32,56,56,919,753.02506800017
2026-08-07T10:26:29.391959,cachewinograd,64,32,56,56,920,754.3629480001073
2026-08-07T10:26:29.391959,cachewinograd,64,32,56,56,921,755.3813330000594
2026-08-07T10:26:29.391959,cachewinograd,64,32,56,56,922,753.1613810001545
2026-08-07T10:26:29.391959,cachewinograd,64,32,56,56,923,755.2312230000098
2026-08-07T10:26:29.391959,cachewinograd,64,32,56,56,924,754.1396089995942
2026-08-07T10:26:29.391959,cachewinograd,64,32,56,56,925,755.0330909998593
2026-08-07T10:26:29.391959,cachewinograd,64,32,56,56,926,752.5712000001477
2026-08-07T10:26:29.391959,cachewinograd,64,32,56,56,927,780.0528230000054
2026-08-07T10:26:29.391959,cachewinograd,64,32,56,56,928,772.9272629999286
2026-08-07T10:26:29.391959,cachewinograd,64,32,56,56,929,795.9578850000071
2026-08-07T10:26:29.391959,cachewinograd,64,32,56,56,930,752.2057170003791
2026-08-07T10:26:29.391959,cachewinograd,64,32,56,56,931,755.4229099996519
2026-08-07T10:26:29.391959,cachewinograd,64,32,56,56,932,751.3732300003539
2026-08-07T10:26:29.391959,cachewinograd,64,32,56,56,933,755.8087120000891
2026-08-07T10:26:29.391959,cachewinograd,64,32,56,56,934,751.967168000192
2026-08-07T10:26:29.391959,cachewinograd,64,32,56,56,935,753.713401999903
2026-08-07T10:26:29.391959,cachewinograd,64,32,56,56,936,752.5935560001926
2026-08-07T10:26:29.391959,cachewinograd,64,32,56,56,937,754.776684999797
2026-08-07T10:26:29.391959,cachewinograd,64,32,56,56,938,753.2724449997659
2026-08-07T10:26:29.391959,cachewinograd,64,32,56,56,939,754.9658640000416
2026-08-07T10:26:29.391959,cachewinograd,64,32,56,56,940,756.3620279997849
2026-08-07T10:26:29.391959,cachewinograd,64,32,56,56,941,754.973783999958
2026-08-07T10:26:29.391959,cachewinograd,64,32,56,56,942,754.6397050000451
2026-08-07T10:26:29.391959,cachewinograd,64,32,56,56,943,758.1260249999104
2026-08-07T10:26:29.391959,cachewinograd,64,32,56,56,944,751.1987030002274
2026-08-07T10:26:29.391959,cachewinograd,64,32,56,56,945,753.3213619999515
2026-08-07T10:26:29.391959,cachewinograd,64,32,56,56,946,753.1478649998462
2026-08-07T10:26:29.391959,cachewinograd,64,32,56,56,947,753.7096129999554
2026-08-07T10:26:29.391959,cachewinograd,64,32,56,56,948,752.9261370000313
2026-08-07T10:26:29.391959,cachewinograd,64,32,56,56,949,753.7804519997735
2026-08-07T10:26:29.391959,cachewinograd,64,32,56,56,950,755.7411749999119
2026-08-07T10:26:29.391959,cachewinograd,64,32,56,56,951,753.1504220000897
2026-08-07T10:26:29.391959,cachewinograd,64,32,56,56,952,753.2954299999801
2026-08-07T10:26:29.391959,cachewinograd,64,32,56,56,953,751.4000250002937
2026-08-07T10:26:29.391959,cachewinograd,64,32,56,56,954,752.2387660001186
2026-08-07T10:26:29.391959,cachewinograd,64,32,56,56,955,751.2075689996891
2026-08-07T10:26:29.391959,cachewinograd,64,32,56,56,956,751.4461770001617
2026-08-07T10:26:29.391959,cachewinograd,64,32,56,56,957,750.6540550002683
2026-08-07T10:26:29.391959,cachewinograd,64,32,56,56,958,753.3566380002412
2026-08-07T10:26:29.391959,cachewinograd,64,32,56,56,959,751.3313820004441
2026-08-07T10:26:29.391959,cachewinograd,64,32,56,56,960,751.8285950000063
2026-08-07T10:26:29.391959,cachewinograd,64,32,56,56,961,752.9723510001531
2026-08-07T10:26:29.391959,cachewinograd,64,32,56,56,962,751.8640680000317
2026-08-07T10:26:29.391959,cachewinograd,64,32,56,56,963,751.0807489998115
2026-08-07T10:26:29.391959,cachewinograd,64,32,56,56,964,751.7690130002848
2026-08-07T10:26:29.391959,cachewinograd,64,32,56,56,965,753.3246650000365
2026-08-07T10:26:29.391959,cachewinograd,64,32,56,56,966,752.6597360001688
2026-08-07T10:26:29.391959,cachewinograd,64,32,56,56,967,750.5865100001756
2026-08-07T10:26:29.391959,cachewinograd,64,32,56,56,968,753.6409330000424
2026-08-07T10:26:29.391959,cachewinograd,64,32,56,56,969,753.4175370001321
2026-08-07T10:26:29.391959,cachewinograd,64,32,56,56,970,753.7111999999979
2026-08-07T10:26:29.391959,cachewinograd,64,32,56,56,971,751.655369999753
2026-08-07T10:26:29.391959,cachewinograd,64,32,56,56,972,754.1021060001185
2026-08-07T10:26:29.391959,cachewinograd,64,32,56,56,973,756.3693029997012
2026-08-07T10:26:29.391959,cachewinograd,64,32,56,56,974,753.7809989999005
2026-08-07T10:26:29.391959,cachewinograd,64,32,56,56,975,750.1959770002031
2026-08-07T10:26:29.391959,cachewinograd,64,32,56,56,976,753.791937999722
2026-08-07T10:26:29.391959,cachewinograd,64,32,56,56,977,753.1188319999274
2026-08-07T10:26:29.391959,cachewinograd,64,32,56,56,978,753.898559999925
2026-08-07T10:26:29.391959,cachewinograd,64,32,56,56,979,751.9217959998059
2026-08-07T10:26:29.391959,cachewinograd,64,32,56,56,980,755.1487809996615
2026-08-07T10:26:29.391959,cachewinograd,64,32,56,56,981,755.0556000001052
2026-08-07T10:26:29.391959,cachewinograd,64,32,56,56,982,753.2845759997144
2026-08-07T10:26:29.391959,cachewinograd,64,32,56,56,983,751.7119979997915
2026-08-07T10:26:29.391959,cachewinograd,64,32,56,56,984,753.2341579999411
2026-08-07T10:26:29.391959,cachewinograd,64,32,56,56,985,755.5179709997901
2026-08-07T10:26:29.391959,cachewinograd,64,32,56,56,986,751.3329729999896
2026-08-07T10:26:29.391959,cachewinograd,64,32,56,56,987,753.6669429996437
2026-08-07T10:26:29.391959,cachewinograd,64,32,56,56,988,752.9857130002711
2026-08-07T10:26:29.391959,cachewinograd,64,32,56,56,989,756.4845850001802
2026-08-07T10:26:29.391959,cachewinograd,64,32,56,56,990,752.6425730002302
2026-08-07T10:26:29.391959,cachewinograd,64,32,56,56,991,754.8354949999521
2026-08-07T10:26:29.391959,cachewinograd,64,32,56,56,992,751.1878680002155
2026-08-07T10:26:29.391959,cachewinograd,64,32,56,56,993,754.3826619998981
2026-08-07T10:26:29.391959,cachewinograd,64,32,56,56,994,751.6628929997751
2026-08-07T10:26:29.391959,cachewinograd,64,32,56,56,995,752.7443539997876
2026-08-07T10:26:29.391959,cachewinograd,64,32,56,56,996,751.0379669997747
2026-08-07T10:26:29.391959,cachewinograd,64,32,56,56,997,754.7265889998016
2026-08-07T10:26:29.391959,cachewinograd,64,32,56,56,998,755.5956440000955
2026-08-07T10:26:29.391959,cachewinograd,64,32,56,56,999,751.6985759998533
2026-08-07T10:26:29.391959,cachewinograd,64,64,56,56,0,1920.8405970002786
2026-08-07T10:26:29.391959,cachewinograd,64,64,56,56,1,1919.0476499998113
2026-08-07T10:26:29.391959,cachewinograd,64,64,56,56,2,1923.9679009997417
2026-08-07T10:26:29.391959,cachewinograd,64,64,56,56,3,1920.5790930000148
2026-08-07T10:26:29.391959,cachewinograd,64,64,56,56,4,1923.8968160002514
2026-08-07T10:26:29.391959,cachewinograd,64,64,56,56,5,1919.3822229999569
2026-08-07T10:26:29.391959,cachewinograd,64,64,56,56,6,1917.8956460000336
2026-08-07T10:26:29.391959,cachewinograd,64,64,56,56,7,1914.498556000126
2026-08-07T10:26:29.391959,cachewinograd,64,64,56,56,8,1916.0935370000516
2026-08-07T10:26:29.391959,cachewinograd,64,64,56,56,9,1913.824785000088
2026-08-07T10:26:29.391959,cachewinograd,64,64,56,56,10,1913.8481770000908
2026-08-07T10:26:29.391959,cachewinograd,64,64,56,56,11,1913.8494329999958
2026-08-07T10:26:29.391959,cachewinograd,64,64,56,56,12,1910.9679410003082
2026-08-07T10:26:29.391959,cachewinograd,64,64,56,56,13,1912.6313639999353
2026-08-07T10:26:29.391959,cachewinograd,64,64,56,56,14,1912.954720000016
2026-08-07T10:26:29.391959,cachewinograd,64,64,56,56,15,1914.04962300021
2026-08-07T10:26:29.391959,cachewinograd,64,64,56,56,16,1911.467729999913
2026-08-07T10:26:29.391959,cachewinograd,64,64,56,56,17,1912.3528849995637
2026-08-07T10:26:29.391959,cachewinograd,64,64,56,56,18,1914.8325450000812
2026-08-07T10:26:29.391959,cachewinograd,64,64,56,56,19,1917.553832000067
2026-08-07T10:26:29.391959,cachewinograd,64,64,56,56,20,1918.679986999905
2026-08-07T10:26:29.391959,cachewinograd,64,64,56,56,21,1916.07871899987
2026-08-07T10:26:29.391959,cachewinograd,64,64,56,56,22,1913.4258839999347
2026-08-07T10:26:29.391959,cachewinograd,64,64,56,56,23,1920.345764999638
2026-08-07T10:26:29.391959,cachewinograd,64,64,56,56,24,1915.0080049998905
2026-08-07T10:26:29.391959,cachewinograd,64,64,56,56,25,1918.1694710000556
2026-08-07T10:26:29.391959,cachewinograd,64,64,56,56,26,1916.8556619997617
2026-08-07T10:26:29.391959,cachewinograd,64,64,56,56,27,1917.9797339998004
2026-08-07T10:26:29.391959,cachewinograd,64,64,56,56,28,1918.2910569998057
2026-08-07T10:26:29.391959,cachewinograd,64,64,56,56,29,1922.2977200001878
2026-08-07T10:26:29.391959,cachewinograd,64,64,56,56,30,1924.2169869999088
2026-08-07T10:26:29.391959,cachewinograd,64,64,56,56,31,1918.356650000078
2026-08-07T10:26:29.391959,cachewinograd,64,64,56,56,32,1921.49603200005
2026-08-07T10:26:29.391959,cachewinograd,64,64,56,56,33,1918.806475999645
2026-08-07T10:26:29.391959,cachewinograd,64,64,56,56,34,1918.9508110002862
2026-08-07T10:26:29.391959,cachewinograd,64,64,56,56,35,1917.9683209999894
2026-08-07T10:26:29.391959,cachewinograd,64,64,56,56,36,1918.3931390002726
2026-08-07T10:26:29.391959,cachewinograd,64,64,56,56,37,1919.5702340002754
2026-08-07T10:26:29.391959,cachewinograd,64,64,56,56,38,1918.5934199999792
2026-08-07T10:26:29.391959,cachewinograd,64,64,56,56,39,1916.5573350001068
2026-08-07T10:26:29.391959,cachewinograd,64,64,56,56,40,1917.3894649998147
2026-08-07T10:26:29.391959,cachewinograd,64,64,56,56,41,1918.9737149999928
2026-08-07T10:26:29.391959,cachewinograd,64,64,56,56,42,1917.8859590001593
2026-08-07T10:26:29.391959,cachewinograd,64,64,56,56,43,1918.7938750001194
2026-08-07T10:26:29.391959,cachewinograd,64,64,56,56,44,1916.9210780000867
2026-08-07T10:26:29.391959,cachewinograd,64,64,56,56,45,1921.2111410001853
2026-08-07T10:26:29.391959,cachewinograd,64,64,56,56,46,1923.6452249997456
2026-08-07T10:26:29.391959,cachewinograd,64,64,56,56,47,1911.7791190001299
2026-08-07T10:26:29.391959,cachewinograd,64,64,56,56,48,1920.6199290001678
2026-08-07T10:26:29.391959,cachewinograd,64,64,56,56,49,1918.166999999812
2026-08-07T10:26:29.391959,cachewinograd,64,64,56,56,50,1916.7989159996068
2026-08-07T10:26:29.391959,cachewinograd,64,64,56,56,51,1918.2475369998429
2026-08-07T10:26:29.391959,cachewinograd,64,64,56,56,52,1919.8056390000602
2026-08-07T10:26:29.391959,cachewinograd,64,64,56,56,53,1916.7069489999449
2026-08-07T10:26:29.391959,cachewinograd,64,64,56,56,54,1915.7898249995924
2026-08-07T10:26:29.391959,cachewinograd,64,64,56,56,55,1916.1838089999037
2026-08-07T10:26:29.391959,cachewinograd,64,64,56,56,56,1919.4105890001083
2026-08-07T10:26:29.391959,cachewinograd,64,64,56,56,57,1913.9888650001922
2026-08-07T10:26:29.391959,cachewinograd,64,64,56,56,58,1919.8427040000752
2026-08-07T10:26:29.391959,cachewinograd,64,64,56,56,59,1912.6895389999845
2026-08-07T10:26:29.391959,cachewinograd,64,64,56,56,60,2028.2368150001275
2026-08-07T10:26:29.391959,cachewinograd,64,64,56,56,61,1934.0034249999007
2026-08-07T10:26:29.391959,cachewinograd,64,64,56,56,62,1918.735690000176
2026-08-07T10:26:29.391959,cachewinograd,64,64,56,56,63,2017.3377460000665
2026-08-07T10:26:29.391959,cachewinograd,64,64,56,56,64,1926.5962989998116
2026-08-07T10:26:29.391959,cachewinograd,64,64,56,56,65,1921.3537530004032
2026-08-07T10:26:29.391959,cachewinograd,64,64,56,56,66,1923.6213710000811
2026-08-07T10:26:29.391959,cachewinograd,64,64,56,56,67,1920.4575719995773
2026-08-07T10:26:29.391959,cachewinograd,64,64,56,56,68,1918.932969999787
2026-08-07T10:26:29.391959,cachewinograd,64,64,56,56,69,1922.4284089996218
2026-08-07T10:26:29.391959,cachewinograd,64,64,56,56,70,1920.5436839997674
2026-08-07T10:26:29.391959,cachewinograd,64,64,56,56,71,1916.9752829998288
2026-08-07T10:26:29.391959,cachewinograd,64,64,56,56,72,1917.9694520003068
2026-08-07T10:26:29.391959,cachewinograd,64,64,56,56,73,1917.157072000009
2026-08-07T10:26:29.391959,cachewinograd,64,64,56,56,74,1916.7529420001301
2026-08-07T10:26:29.391959,cachewinograd,64,64,56,56,75,1916.486320000331
2026-08-07T10:26:29.391959,cachewinograd,64,64,56,56,76,1919.8062290001872
2026-08-07T10:26:29.391959,cachewinograd,64,64,56,56,77,1921.3025580002068
2026-08-07T10:26:29.391959,cachewinograd,64,64,56,56,78,1916.01938399981
2026-08-07T10:26:29.391959,cachewinograd,64,64,56,56,79,1920.957967999584
2026-08-07T10:26:29.391959,cachewinograd,64,64,56,56,80,1911.7790770001193
2026-08-07T10:26:29.391959,cachewinograd,64,64,56,56,81,1916.295036000065
2026-08-07T10:26:29.391959,cachewinograd,64,64,56,56,82,1912.3649490002208
2026-08-07T10:26:29.391959,cachewinograd,64,64,56,56,83,1913.7645030000385
2026-08-07T10:26:29.391959,cachewinograd,64,64,56,56,84,1911.867225000151
2026-08-07T10:26:29.391959,cachewinograd,64,64,56,56,85,1909.548468000139
2026-08-07T10:26:29.391959,cachewinograd,64,64,56,56,86,1906.8528159996276
2026-08-07T10:26:29.391959,cachewinograd,64,64,56,56,87,1909.6118130000832
2026-08-07T10:26:29.391959,cachewinograd,64,64,56,56,88,1909.5861399996465
2026-08-07T10:26:29.391959,cachewinograd,64,64,56,56,89,1912.9972529999577
2026-08-07T10:26:29.391959,cachewinograd,64,64,56,56,90,1910.8627750001688
2026-08-07T10:26:29.391959,cachewinograd,64,64,56,56,91,1914.0072069999405
2026-08-07T10:26:29.391959,cachewinograd,64,64,56,56,92,1996.9029120002233
2026-08-07T10:26:29.391959,cachewinograd,64,64,56,56,93,1941.3966570000412
2026-08-07T10:26:29.391959,cachewinograd,64,64,56,56,94,1915.5668309999783
2026-08-07T10:26:29.391959,cachewinograd,64,64,56,56,95,1916.32749900009
2026-08-07T10:26:29.391959,cachewinograd,64,64,56,56,96,1916.4683950002654
2026-08-07T10:26:29.391959,cachewinograd,64,64,56,56,97,1916.5580389999377
2026-08-07T10:26:29.391959,cachewinograd,64,64,56,56,98,1915.096407999954
2026-08-07T10:26:29.391959,cachewinograd,64,64,56,56,99,1914.8296280000068
2026-08-07T10:26:29.391959,cachewinograd,64,64,56,56,100,1916.4077320001525
2026-08-07T10:26:29.391959,cachewinograd,64,64,56,56,101,1917.782648999946
2026-08-07T10:26:29.391959,cachewinograd,64,64,56,56,102,1913.3378999999877
2026-08-07T10:26:29.391959,cachewinograd,64,64,56,56,103,1916.4438920001885
2026-08-07T10:26:29.391959,cachewinograd,64,64,56,56,104,1913.9937219997591
2026-08-07T10:26:29.391959,cachewinograd,64,64,56,56,105,1917.8901190002762
2026-08-07T10:26:29.391959,cachewinograd,64,64,56,56,106,1916.2586880001982
2026-08-07T10:26:29.391959,cachewinograd,64,64,56,56,107,1916.7389780000121
2026-08-07T10:26:29.391959,cachewinograd,64,64,56,56,108,1914.1114030003337
2026-08-07T10:26:29.391959,cachewinograd,64,64,56,56,109,1914.7700859998622
2026-08-07T10:26:29.391959,cachewinograd,64,64,56,56,110,1912.2229829999924
2026-08-07T10:26:29.391959,cachewinograd,64,64,56,56,111,1914.3177279997872
2026-08-07T10:26:29.391959,cachewinograd,64,64,56,56,112,1911.8613080004252
2026-08-07T10:26:29.391959,cachewinograd,64,64,56,56,113,1911.4085799997156
2026-08-07T10:26:29.391959,cachewinograd,64,64,56,56,114,1913.4492070002125
2026-08-07T10:26:29.391959,cachewinograd,64,64,56,56,115,1912.2532129999854
2026-08-07T10:26:29.391959,cachewinograd,64,64,56,56,116,1911.6228200000478
2026-08-07T10:26:29.391959,cachewinograd,64,64,56,56,117,1915.7257380002193
2026-08-07T10:26:29.391959,cachewinograd,64,64,56,56,118,1911.0700930000348
2026-08-07T10:26:29.391959,cachewinograd,64,64,56,56,119,1911.1248389999673
2026-08-07T10:26:29.391959,cachewinograd,64,64,56,56,120,1913.184321999779
2026-08-07T10:26:29.391959,cachewinograd,64,64,56,56,121,1909.234596999795
2026-08-07T10:26:29.391959,cachewinograd,64,64,56,56,122,1914.739303999795
2026-08-07T10:26:29.391959,cachewinograd,64,64,56,56,123,1915.3402219999407
2026-08-07T10:26:29.391959,cachewinograd,64,64,56,56,124,1912.2396550001213
2026-08-07T10:26:29.391959,cachewinograd,64,64,56,56,125,1914.3157010003051
2026-08-07T10:26:29.391959,cachewinograd,64,64,56,56,126,1909.5809890000055
2026-08-07T10:26:29.391959,cachewinograd,64,64,56,56,127,1920.256161999987
2026-08-07T10:26:29.391959,cachewinograd,64,64,56,56,128,1915.8435499998632
2026-08-07T10:26:29.391959,cachewinograd,64,64,56,56,129,1922.6590500002203
2026-08-07T10:26:29.391959,cachewinograd,64,64,56,56,130,1915.4764549998617
2026-08-07T10:26:29.391959,cachewinograd,64,64,56,56,131,1910.1299419999123
2026-08-07T10:26:29.391959,cachewinograd,64,64,56,56,132,1944.0994050000882
2026-08-07T10:26:29.391959,cachewinograd,64,64,56,56,133,1912.5186639998901
2026-08-07T10:26:29.391959,cachewinograd,64,64,56,56,134,1912.4004840000453
2026-08-07T10:26:29.391959,cachewinograd,64,64,56,56,135,1913.481739999952
2026-08-07T10:26:29.391959,cachewinograd,64,64,56,56,136,1909.731868000108
2026-08-07T10:26:29.391959,cachewinograd,64,64,56,56,137,1914.1263110000182
2026-08-07T10:26:29.391959,cachewinograd,64,64,56,56,138,1919.489031000012
2026-08-07T10:26:29.391959,cachewinograd,64,64,56,56,139,1914.5293080000556
2026-08-07T10:26:29.391959,cachewinograd,64,64,56,56,140,1915.9070369996698
2026-08-07T10:26:29.391959,cachewinograd,64,64,56,56,141,1910.8907469999394
2026-08-07T10:26:29.391959,cachewinograd,64,64,56,56,142,1915.0134049996268
2026-08-07T10:26:29.391959,cachewinograd,64,64,56,56,143,1914.6113570000125
2026-08-07T10:26:29.391959,cachewinograd,64,64,56,56,144,1911.5437599998586
2026-08-07T10:26:29.391959,cachewinograd,64,64,56,56,145,1912.8145569998196
2026-08-07T10:26:29.391959,cachewinograd,64,64,56,56,146,1912.9935790001582
2026-08-07T10:26:29.391959,cachewinograd,64,64,56,56,147,1913.936129999911
2026-08-07T10:26:29.391959,cachewinograd,64,64,56,56,148,1913.8463899998897
2026-08-07T10:26:29.391959,cachewinograd,64,64,56,56,149,1907.449405999614
2026-08-07T10:26:29.391959,cachewinograd,64,64,56,56,150,1911.5532599998915
2026-08-07T10:26:29.391959,cachewinograd,64,64,56,56,151,1902.2481629999675
2026-08-07T10:26:29.391959,cachewinograd,64,64,56,56,152,1897.4206349998894
2026-08-07T10:26:29.391959,cachewinograd,64,64,56,56,153,1894.690866000019
2026-08-07T10:26:29.391959,cachewinograd,64,64,56,56,154,1895.648521000112
2026-08-07T10:26:29.391959,cachewinograd,64,64,56,56,155,1895.6389930003752
2026-08-07T10:26:29.391959,cachewinograd,64,64,56,56,156,1897.7393630002553
2026-08-07T10:26:29.391959,cachewinograd,64,64,56,56,157,1893.4755579998637
2026-08-07T10:26:29.391959,cachewinograd,64,64,56,56,158,1892.5561410001137
2026-08-07T10:26:29.391959,cachewinograd,64,64,56,56,159,1891.9309049997537
2026-08-07T10:26:29.391959,cachewinograd,64,64,56,56,160,1899.2261170001257
2026-08-07T10:26:29.391959,cachewinograd,64,64,56,56,161,1917.1170160002475
2026-08-07T10:26:29.391959,cachewinograd,64,64,56,56,162,1914.6414269998786
2026-08-07T10:26:29.391959,cachewinograd,64,64,56,56,163,1918.1167080000705
2026-08-07T10:26:29.391959,cachewinograd,64,64,56,56,164,1918.274062999899
2026-08-07T10:26:29.391959,cachewinograd,64,64,56,56,165,1893.4502209999664
2026-08-07T10:26:29.391959,cachewinograd,64,64,56,56,166,1891.5341900001295
2026-08-07T10:26:29.391959,cachewinograd,64,64,56,56,167,1896.2974519999989
2026-08-07T10:26:29.391959,cachewinograd,64,64,56,56,168,1894.4268420000299
2026-08-07T10:26:29.391959,cachewinograd,64,64,56,56,169,1898.6712240002817
2026-08-07T10:26:29.391959,cachewinograd,64,64,56,56,170,1893.96620000025
2026-08-07T10:26:29.391959,cachewinograd,64,64,56,56,171,1903.222082999946
2026-08-07T10:26:29.391959,cachewinograd,64,64,56,56,172,1909.850230000302
2026-08-07T10:26:29.391959,cachewinograd,64,64,56,56,173,1912.1643610001229
2026-08-07T10:26:29.391959,cachewinograd,64,64,56,56,174,1943.9669470002627
2026-08-07T10:26:29.391959,cachewinograd,64,64,56,56,175,1956.672638999862
2026-08-07T10:26:29.391959,cachewinograd,64,64,56,56,176,1954.6698340000148
2026-08-07T10:26:29.391959,cachewinograd,64,64,56,56,177,1956.971878999866
2026-08-07T10:26:29.391959,cachewinograd,64,64,56,56,178,1953.8296430000628
2026-08-07T10:26:29.391959,cachewinograd,64,64,56,56,179,1944.3869319998157
2026-08-07T10:26:29.391959,cachewinograd,64,64,56,56,180,1938.5406540000076
2026-08-07T10:26:29.391959,cachewinograd,64,64,56,56,181,1941.0847940002895
2026-08-07T10:26:29.391959,cachewinograd,64,64,56,56,182,1946.4595460003693
2026-08-07T10:26:29.391959,cachewinograd,64,64,56,56,183,1945.0167170002715
2026-08-07T10:26:29.391959,cachewinograd,64,64,56,56,184,1939.1575720001129
2026-08-07T10:26:29.391959,cachewinograd,64,64,56,56,185,1943.7053560000095
2026-08-07T10:26:29.391959,cachewinograd,64,64,56,56,186,1940.8821970000645
2026-08-07T10:26:29.391959,cachewinograd,64,64,56,56,187,1940.2276369996798
2026-08-07T10:26:29.391959,cachewinograd,64,64,56,56,188,1941.8694400001186
2026-08-07T10:26:29.391959,cachewinograd,64,64,56,56,189,1937.4572439996882
2026-08-07T10:26:29.391959,cachewinograd,64,64,56,56,190,1943.3273320000808
2026-08-07T10:26:29.391959,cachewinograd,64,64,56,56,191,1939.5096969997212
2026-08-07T10:26:29.391959,cachewinograd,64,64,56,56,192,1941.4168260000224
2026-08-07T10:26:29.391959,cachewinograd,64,64,56,56,193,1937.400690999766
2026-08-07T10:26:29.391959,cachewinograd,64,64,56,56,194,1943.300311999792
2026-08-07T10:26:29.391959,cachewinograd,64,64,56,56,195,1939.659976999792
2026-08-07T10:26:29.391959,cachewinograd,64,64,56,56,196,1944.9285260002398
2026-08-07T10:26:29.391959,cachewinograd,64,64,56,56,197,1945.6691899999896
2026-08-07T10:26:29.391959,cachewinograd,64,64,56,56,198,1947.3483920000945
2026-08-07T10:26:29.391959,cachewinograd,64,64,56,56,199,1937.4538370002483
2026-08-07T10:26:29.391959,cachewinograd,64,64,56,56,200,1946.6899290000583
2026-08-07T10:26:29.391959,cachewinograd,64,64,56,56,201,1945.680244000414
2026-08-07T10:26:29.391959,cachewinograd,64,64,56,56,202,1946.128293000129
2026-08-07T10:26:29.391959,cachewinograd,64,64,56,56,203,1940.1955490002365
2026-08-07T10:26:29.391959,cachewinograd,64,64,56,56,204,1943.0582999998478
2026-08-07T10:26:29.391959,cachewinograd,64,64,56,56,205,1942.5191619998259
2026-08-07T10:26:29.391959,cachewinograd,64,64,56,56,206,1940.2226940001128
2026-08-07T10:26:29.391959,cachewinograd,64,64,56,56,207,1939.0530560003754
2026-08-07T10:26:29.391959,cachewinograd,64,64,56,56,208,1950.7198940000308
2026-08-07T10:26:29.391959,cachewinograd,64,64,56,56,209,1955.645560999983
2026-08-07T10:26:29.391959,cachewinograd,64,64,56,56,210,1969.3875030002346
2026-08-07T10:26:29.391959,cachewinograd,64,64,56,56,211,1978.3252980000725
2026-08-07T10:26:29.391959,cachewinograd,64,64,56,56,212,1975.982058000227
2026-08-07T10:26:29.391959,cachewinograd,64,64,56,56,213,1966.8858229997568
2026-08-07T10:26:29.391959,cachewinograd,64,64,56,56,214,1960.2589319997605
2026-08-07T10:26:29.391959,cachewinograd,64,64,56,56,215,1968.6918060001517
2026-08-07T10:26:29.391959,cachewinograd,64,64,56,56,216,1963.683485999809
2026-08-07T10:26:29.391959,cachewinograd,64,64,56,56,217,1959.1141969999626
2026-08-07T10:26:29.391959,cachewinograd,64,64,56,56,218,1967.8092710000783
2026-08-07T10:26:29.391959,cachewinograd,64,64,56,56,219,1959.5222429998103
2026-08-07T10:26:29.391959,cachewinograd,64,64,56,56,220,1957.3826599998938
2026-08-07T10:26:29.391959,cachewinograd,64,64,56,56,221,1955.9871760002352
2026-08-07T10:26:29.391959,cachewinograd,64,64,56,56,222,1956.876233999992
2026-08-07T10:26:29.391959,cachewinograd,64,64,56,56,223,1972.560252999756
2026-08-07T10:26:29.391959,cachewinograd,64,64,56,56,224,1970.2136270002484
2026-08-07T10:26:29.391959,cachewinograd,64,64,56,56,225,1974.8340699998153
2026-08-07T10:26:29.391959,cachewinograd,64,64,56,56,226,1974.6179690000645
2026-08-07T10:26:29.391959,cachewinograd,64,64,56,56,227,1968.979877000038
2026-08-07T10:26:29.391959,cachewinograd,64,64,56,56,228,1967.6707509997868
2026-08-07T10:26:29.391959,cachewinograd,64,64,56,56,229,1967.5970530001905
2026-08-07T10:26:29.391959,cachewinograd,64,64,56,56,230,1966.6063290001148
2026-08-07T10:26:29.391959,cachewinograd,64,64,56,56,231,1961.9191169999795
2026-08-07T10:26:29.391959,cachewinograd,64,64,56,56,232,1961.126787000012
2026-08-07T10:26:29.391959,cachewinograd,64,64,56,56,233,1966.9633859998612
2026-08-07T10:26:29.391959,cachewinograd,64,64,56,56,234,1960.4382699999405
2026-08-07T10:26:29.391959,cachewinograd,64,64,56,56,235,1961.717242999839
2026-08-07T10:26:29.391959,cachewinograd,64,64,56,56,236,1960.3441029998976
2026-08-07T10:26:29.391959,cachewinograd,64,64,56,56,237,1958.8880960000097
2026-08-07T10:26:29.391959,cachewinograd,64,64,56,56,238,1966.5466090000336
2026-08-07T10:26:29.391959,cachewinograd,64,64,56,56,239,1964.8615789997166
2026-08-07T10:26:29.391959,cachewinograd,64,64,56,56,240,1964.3512430002374
2026-08-07T10:26:29.391959,cachewinograd,64,64,56,56,241,1963.6086049999903
2026-08-07T10:26:29.391959,cachewinograd,64,64,56,56,242,1962.8045560002647
2026-08-07T10:26:29.391959,cachewinograd,64,64,56,56,243,1966.1440489999222
2026-08-07T10:26:29.391959,cachewinograd,64,64,56,56,244,1958.8081619999684
2026-08-07T10:26:29.391959,cachewinograd,64,64,56,56,245,1954.2905940002129
2026-08-07T10:26:29.391959,cachewinograd,64,64,56,56,246,1957.6337859998603
2026-08-07T10:26:29.391959,cachewinograd,64,64,56,56,247,1961.4167390000148
2026-08-07T10:26:29.391959,cachewinograd,64,64,56,56,248,1961.0785990003023
2026-08-07T10:26:29.391959,cachewinograd,64,64,56,56,249,1959.1497040000831
2026-08-07T10:26:29.391959,cachewinograd,64,64,56,56,250,1963.0809969999063
2026-08-07T10:26:29.391959,cachewinograd,64,64,56,56,251,2011.1189319995901
2026-08-07T10:26:29.391959,cachewinograd,64,64,56,56,252,1984.03325199979
2026-08-07T10:26:29.391959,cachewinograd,64,64,56,56,253,2010.826005999661
2026-08-07T10:26:29.391959,cachewinograd,64,64,56,56,254,1972.8695730000254
2026-08-07T10:26:29.391959,cachewinograd,64,64,56,56,255,1960.613960000046
2026-08-07T10:26:29.391959,cachewinograd,64,64,56,56,256,2026.652954000383
2026-08-07T10:26:29.391959,cachewinograd,64,64,56,56,257,2091.930715000217
2026-08-07T10:26:29.391959,cachewinograd,64,64,56,56,258,2272.564266000245
2026-08-07T10:26:29.391959,cachewinograd,64,64,56,56,259,2257.234542000333
2026-08-07T10:26:29.391959,cachewinograd,64,64,56,56,260,2274.0179920001538
2026-08-07T10:26:29.391959,cachewinograd,64,64,56,56,261,2224.4084730000395
2026-08-07T10:26:29.391959,cachewinograd,64,64,56,56,262,2104.6210539998356
2026-08-07T10:26:29.391959,cachewinograd,64,64,56,56,263,2206.4456499997505
2026-08-07T10:26:29.391959,cachewinograd,64,64,56,56,264,2225.948455999969
2026-08-07T10:26:29.391959,cachewinograd,64,64,56,56,265,2127.0458359999793
2026-08-07T10:26:29.391959,cachewinograd,64,64,56,56,266,2155.0442230000044
2026-08-07T10:26:29.391959,cachewinograd,64,64,56,56,267,2148.368838999886
2026-08-07T10:26:29.391959,cachewinograd,64,64,56,56,268,2188.973953999721
2026-08-07T10:26:29.391959,cachewinograd,64,64,56,56,269,2136.7848780000713
2026-08-07T10:26:29.391959,cachewinograd,64,64,56,56,270,2050.833166999837
2026-08-07T10:26:29.391959,cachewinograd,64,64,56,56,271,1998.811181000292
2026-08-07T10:26:29.391959,cachewinograd,64,64,56,56,272,1944.811492000099
2026-08-07T10:26:29.391959,cachewinograd,64,64,56,56,273,1970.483929999773
2026-08-07T10:26:29.391959,cachewinograd,64,64,56,56,274,1943.8402509999833
2026-08-07T10:26:29.391959,cachewinograd,64,64,56,56,275,1954.3193210001846
2026-08-07T10:26:29.391959,cachewinograd,64,64,56,56,276,1946.9924969998829
2026-08-07T10:26:29.391959,cachewinograd,64,64,56,56,277,1939.2126810002992
2026-08-07T10:26:29.391959,cachewinograd,64,64,56,56,278,1947.4952880000274
2026-08-07T10:26:29.391959,cachewinograd,64,64,56,56,279,1946.6443090000212
2026-08-07T10:26:29.391959,cachewinograd,64,64,56,56,280,1948.847337999723
2026-08-07T10:26:29.391959,cachewinograd,64,64,56,56,281,1973.996052000075
2026-08-07T10:26:29.391959,cachewinograd,64,64,56,56,282,1966.2513420003052
2026-08-07T10:26:29.391959,cachewinograd,64,64,56,56,283,1964.769916000023
2026-08-07T10:26:29.391959,cachewinograd,64,64,56,56,284,1957.4422599998798
2026-08-07T10:26:29.391959,cachewinograd,64,64,56,56,285,1967.7232990002267
2026-08-07T10:26:29.391959,cachewinograd,64,64,56,56,286,1959.4074670003465
2026-08-07T10:26:29.391959,cachewinograd,64,64,56,56,287,1956.3877859995955
2026-08-07T10:26:29.391959,cachewinograd,64,64,56,56,288,1961.5390890003255
2026-08-07T10:26:29.391959,cachewinograd,64,64,56,56,289,1954.7726569999213
2026-08-07T10:26:29.391959,cachewinograd,64,64,56,56,290,1954.1829939998934
2026-08-07T10:26:29.391959,cachewinograd,64,64,56,56,291,1958.5734770003
2026-08-07T10:26:29.391959,cachewinograd,64,64,56,56,292,1960.5792060001477
2026-08-07T10:26:29.391959,cachewinograd,64,64,56,56,293,1961.5792579998015
2026-08-07T10:26:29.391959,cachewinograd,64,64,56,56,294,1959.7065620000649
2026-08-07T10:26:29.391959,cachewinograd,64,64,56,56,295,1962.235180999869
2026-08-07T10:26:29.391959,cachewinograd,64,64,56,56,296,1961.0455919996639
2026-08-07T10:26:29.391959,cachewinograd,64,64,56,56,297,1962.967044999914
2026-08-07T10:26:29.391959,cachewinograd,64,64,56,56,298,1961.1573209999733
2026-08-07T10:26:29.391959,cachewinograd,64,64,56,56,299,1957.2440530000677
2026-08-07T10:26:29.391959,cachewinograd,64,64,56,56,300,1959.8688750002111
2026-08-07T10:26:29.391959,cachewinograd,64,64,56,56,301,1975.4331480003202
2026-08-07T10:26:29.391959,cachewinograd,64,64,56,56,302,1959.8989310002253
2026-08-07T10:26:29.391959,cachewinograd,64,64,56,56,303,1953.252713999973
2026-08-07T10:26:29.391959,cachewinograd,64,64,56,56,304,1961.49500599995
2026-08-07T10:26:29.391959,cachewinograd,64,64,56,56,305,1960.5522000001656
2026-08-07T10:26:29.391959,cachewinograd,64,64,56,56,306,1958.1870320002963
2026-08-07T10:26:29.391959,cachewinograd,64,64,56,56,307,1962.8485700000056
2026-08-07T10:26:29.391959,cachewinograd,64,64,56,56,308,1960.303027000009
2026-08-07T10:26:29.391959,cachewinograd,64,64,56,56,309,1960.4854350000096
2026-08-07T10:26:29.391959,cachewinograd,64,64,56,56,310,1963.2025529999737
2026-08-07T10:26:29.391959,cachewinograd,64,64,56,56,311,1959.7084720003295
2026-08-07T10:26:29.391959,cachewinograd,64,64,56,56,312,1957.104332000199
2026-08-07T10:26:29.391959,cachewinograd,64,64,56,56,313,1963.82180899991
2026-08-07T10:26:29.391959,cachewinograd,64,64,56,56,314,1962.9523389999122
2026-08-07T10:26:29.391959,cachewinograd,64,64,56,56,315,1964.3685589999222
2026-08-07T10:26:29.391959,cachewinograd,64,64,56,56,316,1959.755881000092
2026-08-07T10:26:29.391959,cachewinograd,64,64,56,56,317,1958.7442170000031
2026-08-07T10:26:29.391959,cachewinograd,64,64,56,56,318,1960.5953020000015
2026-08-07T10:26:29.391959,cachewinograd,64,64,56,56,319,1961.254763999932
2026-08-07T10:26:29.391959,cachewinograd,64,64,56,56,320,1959.1290869998375
2026-08-07T10:26:29.391959,cachewinograd,64,64,56,56,321,1956.8566830002965
2026-08-07T10:26:29.391959,cachewinograd,64,64,56,56,322,1957.1111760001259
2026-08-07T10:26:29.391959,cachewinograd,64,64,56,56,323,1958.4300469996379
2026-08-07T10:26:29.391959,cachewinograd,64,64,56,56,324,1954.0863920001357
2026-08-07T10:26:29.391959,cachewinograd,64,64,56,56,325,1954.3573460000516
2026-08-07T10:26:29.391959,cachewinograd,64,64,56,56,326,1953.0218640002204
2026-08-07T10:26:29.391959,cachewinograd,64,64,56,56,327,1950.544345000253
2026-08-07T10:26:29.391959,cachewinograd,64,64,56,56,328,1950.9393669995916
2026-08-07T10:26:29.391959,cachewinograd,64,64,56,56,329,1948.2615259998965
2026-08-07T10:26:29.391959,cachewinograd,64,64,56,56,330,1949.5469060002506
2026-08-07T10:26:29.391959,cachewinograd,64,64,56,56,331,1950.65440999997
2026-08-07T10:26:29.391959,cachewinograd,64,64,56,56,332,1947.7885389997027
2026-08-07T10:26:29.391959,cachewinograd,64,64,56,56,333,1933.4612580000794
2026-08-07T10:26:29.391959,cachewinograd,64,64,56,56,334,1925.0323470000694
2026-08-07T10:26:29.391959,cachewinograd,64,64,56,56,335,1928.6340389999168
2026-08-07T10:26:29.391959,cachewinograd,64,64,56,56,336,1929.6640409997963
2026-08-07T10:26:29.391959,cachewinograd,64,64,56,56,337,1927.2429309999097
2026-08-07T10:26:29.391959,cachewinograd,64,64,56,56,338,1930.1998529999764
2026-08-07T10:26:29.391959,cachewinograd,64,64,56,56,339,1928.2227759999842
2026-08-07T10:26:29.391959,cachewinograd,64,64,56,56,340,1944.639905999793
2026-08-07T10:26:29.391959,cachewinograd,64,64,56,56,341,1940.2284349998808
2026-08-07T10:26:29.391959,cachewinograd,64,64,56,56,342,1938.8405549998424
2026-08-07T10:26:29.391959,cachewinograd,64,64,56,56,343,1942.6440819997879
2026-08-07T10:26:29.391959,cachewinograd,64,64,56,56,344,1937.4930419999146
2026-08-07T10:26:29.391959,cachewinograd,64,64,56,56,345,1938.968014999773
2026-08-07T10:26:29.391959,cachewinograd,64,64,56,56,346,1944.9815999996645
2026-08-07T10:26:29.391959,cachewinograd,64,64,56,56,347,1948.5968349999894
2026-08-07T10:26:29.391959,cachewinograd,64,64,56,56,348,1937.0647470000222
2026-08-07T10:26:29.391959,cachewinograd,64,64,56,56,349,1941.0837539999193
2026-08-07T10:26:29.391959,cachewinograd,64,64,56,56,350,1940.0197429999935
2026-08-07T10:26:29.391959,cachewinograd,64,64,56,56,351,1957.769700999961
2026-08-07T10:26:29.391959,cachewinograd,64,64,56,56,352,1973.2948060000126
2026-08-07T10:26:29.391959,cachewinograd,64,64,56,56,353,1968.1547580003098
2026-08-07T10:26:29.391959,cachewinograd,64,64,56,56,354,1972.8418179997789
2026-08-07T10:26:29.391959,cachewinograd,64,64,56,56,355,1975.494296999841
2026-08-07T10:26:29.391959,cachewinograd,64,64,56,56,356,1975.691808999727
2026-08-07T10:26:29.391959,cachewinograd,64,64,56,56,357,1973.0986069998835
2026-08-07T10:26:29.391959,cachewinograd,64,64,56,56,358,1969.1306489999079
2026-08-07T10:26:29.391959,cachewinograd,64,64,56,56,359,1971.3527409999188
2026-08-07T10:26:29.391959,cachewinograd,64,64,56,56,360,1969.321286000195
2026-08-07T10:26:29.391959,cachewinograd,64,64,56,56,361,1970.851833999859
2026-08-07T10:26:29.391959,cachewinograd,64,64,56,56,362,1971.5797369999564
2026-08-07T10:26:29.391959,cachewinograd,64,64,56,56,363,1968.408902000192
2026-08-07T10:26:29.391959,cachewinograd,64,64,56,56,364,1962.7450250000038
2026-08-07T10:26:29.391959,cachewinograd,64,64,56,56,365,1961.75502899996
2026-08-07T10:26:29.391959,cachewinograd,64,64,56,56,366,1962.6751289997628
2026-08-07T10:26:29.391959,cachewinograd,64,64,56,56,367,1960.6449240000074
2026-08-07T10:26:29.391959,cachewinograd,64,64,56,56,368,1963.807533000363
2026-08-07T10:26:29.391959,cachewinograd,64,64,56,56,369,1953.6681700001282
2026-08-07T10:26:29.391959,cachewinograd,64,64,56,56,370,1943.158164000124
2026-08-07T10:26:29.391959,cachewinograd,64,64,56,56,371,1929.6707669996067
2026-08-07T10:26:29.391959,cachewinograd,64,64,56,56,372,1934.5697660000951
2026-08-07T10:26:29.391959,cachewinograd,64,64,56,56,373,1932.4734120000358
2026-08-07T10:26:29.391959,cachewinograd,64,64,56,56,374,1932.9524480003784
2026-08-07T10:26:29.391959,cachewinograd,64,64,56,56,375,1929.95682999981
2026-08-07T10:26:29.391959,cachewinograd,64,64,56,56,376,1936.6385220000666
2026-08-07T10:26:29.391959,cachewinograd,64,64,56,56,377,1952.20946299969
2026-08-07T10:26:29.391959,cachewinograd,64,64,56,56,378,1957.28633500039
2026-08-07T10:26:29.391959,cachewinograd,64,64,56,56,379,1961.8362540004455
2026-08-07T10:26:29.391959,cachewinograd,64,64,56,56,380,1959.0867420001814
2026-08-07T10:26:29.391959,cachewinograd,64,64,56,56,381,1960.795109999708
2026-08-07T10:26:29.391959,cachewinograd,64,64,56,56,382,1964.554156000304
2026-08-07T10:26:29.391959,cachewinograd,64,64,56,56,383,1965.1633020002919
2026-08-07T10:26:29.391959,cachewinograd,64,64,56,56,384,1961.0076779999872
2026-08-07T10:26:29.391959,cachewinograd,64,64,56,56,385,1966.3874300003954
2026-08-07T10:26:29.391959,cachewinograd,64,64,56,56,386,1960.1218560001143
2026-08-07T10:26:29.391959,cachewinograd,64,64,56,56,387,1961.2439450002057
2026-08-07T10:26:29.391959,cachewinograd,64,64,56,56,388,1976.9176520003384
2026-08-07T10:26:29.391959,cachewinograd,64,64,56,56,389,1972.935994999716
2026-08-07T10:26:29.391959,cachewinograd,64,64,56,56,390,1976.9769800004724
2026-08-07T10:26:29.391959,cachewinograd,64,64,56,56,391,1979.00640700027
2026-08-07T10:26:29.391959,cachewinograd,64,64,56,56,392,1977.9250009996758
2026-08-07T10:26:29.391959,cachewinograd,64,64,56,56,393,1972.09767700042
2026-08-07T10:26:29.391959,cachewinograd,64,64,56,56,394,1979.6462869999232
2026-08-07T10:26:29.391959,cachewinograd,64,64,56,56,395,1969.5857830001842
2026-08-07T10:26:29.391959,cachewinograd,64,64,56,56,396,1966.456303999621
2026-08-07T10:26:29.391959,cachewinograd,64,64,56,56,397,1965.4498480003895
2026-08-07T10:26:29.391959,cachewinograd,64,64,56,56,398,1966.2906739995378
2026-08-07T10:26:29.391959,cachewinograd,64,64,56,56,399,1958.2465719995525
2026-08-07T10:26:29.391959,cachewinograd,64,64,56,56,400,1965.1932249998936
2026-08-07T10:26:29.391959,cachewinograd,64,64,56,56,401,1962.0285370001511
2026-08-07T10:26:29.391959,cachewinograd,64,64,56,56,402,1965.1455699995495
2026-08-07T10:26:29.391959,cachewinograd,64,64,56,56,403,1957.619306000197
2026-08-07T10:26:29.391959,cachewinograd,64,64,56,56,404,1956.1224620001667
2026-08-07T10:26:29.391959,cachewinograd,64,64,56,56,405,1963.7969120003618
2026-08-07T10:26:29.391959,cachewinograd,64,64,56,56,406,1959.9031760008074
2026-08-07T10:26:29.391959,cachewinograd,64,64,56,56,407,1963.4117920004428
2026-08-07T10:26:29.391959,cachewinograd,64,64,56,56,408,1966.9505120000395
2026-08-07T10:26:29.391959,cachewinograd,64,64,56,56,409,1963.4525259998554
2026-08-07T10:26:29.391959,cachewinograd,64,64,56,56,410,1965.3339240003334
2026-08-07T10:26:29.391959,cachewinograd,64,64,56,56,411,1969.343138000113
2026-08-07T10:26:29.391959,cachewinograd,64,64,56,56,412,1964.772909000203
2026-08-07T10:26:29.391959,cachewinograd,64,64,56,56,413,1966.0137539995048
2026-08-07T10:26:29.391959,cachewinograd,64,64,56,56,414,1965.4798740002661
2026-08-07T10:26:29.391959,cachewinograd,64,64,56,56,415,1972.1832340001129
2026-08-07T10:26:29.391959,cachewinograd,64,64,56,56,416,1968.5859709998113
2026-08-07T10:26:29.391959,cachewinograd,64,64,56,56,417,1967.1360040001673
2026-08-07T10:26:29.391959,cachewinograd,64,64,56,56,418,1961.5464009993957
2026-08-07T10:26:29.391959,cachewinograd,64,64,56,56,419,1957.3409300001003
2026-08-07T10:26:29.391959,cachewinograd,64,64,56,56,420,1958.2529039998917
2026-08-07T10:26:29.391959,cachewinograd,64,64,56,56,421,1954.9417489997722
2026-08-07T10:26:29.391959,cachewinograd,64,64,56,56,422,1956.741685000452
2026-08-07T10:26:29.391959,cachewinograd,64,64,56,56,423,1954.2990629997803
2026-08-07T10:26:29.391959,cachewinograd,64,64,56,56,424,1956.192337000175
2026-08-07T10:26:29.391959,cachewinograd,64,64,56,56,425,1958.1972300002235
2026-08-07T10:26:29.391959,cachewinograd,64,64,56,56,426,1957.964406999963
2026-08-07T10:26:29.391959,cachewinograd,64,64,56,56,427,1955.5415269996956
2026-08-07T10:26:29.391959,cachewinograd,64,64,56,56,428,1958.0260279999493
2026-08-07T10:26:29.391959,cachewinograd,64,64,56,56,429,1956.766590999905
2026-08-07T10:26:29.391959,cachewinograd,64,64,56,56,430,1957.6317910004946
2026-08-07T10:26:29.391959,cachewinograd,64,64,56,56,431,1899.3020840007375
2026-08-07T10:26:29.391959,cachewinograd,64,64,56,56,432,1903.4371899997495
2026-08-07T10:26:29.391959,cachewinograd,64,64,56,56,433,1892.8864499994233
2026-08-07T10:26:29.391959,cachewinograd,64,64,56,56,434,1899.6141349998652
2026-08-07T10:26:29.391959,cachewinograd,64,64,56,56,435,1900.5137639996974
2026-08-07T10:26:29.391959,cachewinograd,64,64,56,56,436,1934.053684999526
2026-08-07T10:26:29.391959,cachewinograd,64,64,56,56,437,1897.5285639999129
2026-08-07T10:26:29.391959,cachewinograd,64,64,56,56,438,1903.2852620002814
2026-08-07T10:26:29.391959,cachewinograd,64,64,56,56,439,1902.1919790002357
2026-08-07T10:26:29.391959,cachewinograd,64,64,56,56,440,1900.408712999706
2026-08-07T10:26:29.391959,cachewinograd,64,64,56,56,441,1905.3096389998245
2026-08-07T10:26:29.391959,cachewinograd,64,64,56,56,442,1899.1643290000866
2026-08-07T10:26:29.391959,cachewinograd,64,64,56,56,443,1896.3991400005398
2026-08-07T10:26:29.391959,cachewinograd,64,64,56,56,444,1899.3448619994524
2026-08-07T10:26:29.391959,cachewinograd,64,64,56,56,445,1895.879376999801
2026-08-07T10:26:29.391959,cachewinograd,64,64,56,56,446,1901.3077230001727
2026-08-07T10:26:29.391959,cachewinograd,64,64,56,56,447,1894.9573019999661
2026-08-07T10:26:29.391959,cachewinograd,64,64,56,56,448,1899.751605000347
2026-08-07T10:26:29.391959,cachewinograd,64,64,56,56,449,1898.5918090002087
2026-08-07T10:26:29.391959,cachewinograd,64,64,56,56,450,1900.7777539991366
2026-08-07T10:26:29.391959,cachewinograd,64,64,56,56,451,1902.1333959999538
2026-08-07T10:26:29.391959,cachewinograd,64,64,56,56,452,1901.3468990006004
2026-08-07T10:26:29.391959,cachewinograd,64,64,56,56,453,1898.2511719996182
2026-08-07T10:26:29.391959,cachewinograd,64,64,56,56,454,1903.0146939994665
2026-08-07T10:26:29.391959,cachewinograd,64,64,56,56,455,1901.9505260002916
2026-08-07T10:26:29.391959,cachewinograd,64,64,56,56,456,1901.94406899991
2026-08-07T10:26:29.391959,cachewinograd,64,64,56,56,457,1898.6395290003202
2026-08-07T10:26:29.391959,cachewinograd,64,64,56,56,458,1903.2035090003774
2026-08-07T10:26:29.391959,cachewinograd,64,64,56,56,459,1900.8637059996545
2026-08-07T10:26:29.391959,cachewinograd,64,64,56,56,460,1902.698902999873
2026-08-07T10:26:29.391959,cachewinograd,64,64,56,56,461,1905.3132030003326
2026-08-07T10:26:29.391959,cachewinograd,64,64,56,56,462,1902.4536850001823
2026-08-07T10:26:29.391959,cachewinograd,64,64,56,56,463,1900.8724089999305
2026-08-07T10:26:29.391959,cachewinograd,64,64,56,56,464,1902.0991890001824
2026-08-07T10:26:29.391959,cachewinograd,64,64,56,56,465,1900.7744369991997
2026-08-07T10:26:29.391959,cachewinograd,64,64,56,56,466,1904.2297689993575
2026-08-07T10:26:29.391959,cachewinograd,64,64,56,56,467,1898.1963400001405
2026-08-07T10:26:29.391959,cachewinograd,64,64,56,56,468,1899.4589049998467
2026-08-07T10:26:29.391959,cachewinograd,64,64,56,56,469,1895.3963060002934
2026-08-07T10:26:29.391959,cachewinograd,64,64,56,56,470,1901.2229540003318
2026-08-07T10:26:29.391959,cachewinograd,64,64,56,56,471,1896.8028889994457
2026-08-07T10:26:29.391959,cachewinograd,64,64,56,56,472,1894.9375869997311
2026-08-07T10:26:29.391959,cachewinograd,64,64,56,56,473,1895.1745280000978
2026-08-07T10:26:29.391959,cachewinograd,64,64,56,56,474,1896.6328309998062
2026-08-07T10:26:29.391959,cachewinograd,64,64,56,56,475,1893.502154000089
2026-08-07T10:26:29.391959,cachewinograd,64,64,56,56,476,1891.9716600003085
2026-08-07T10:26:29.391959,cachewinograd,64,64,56,56,477,1893.2741759999772
2026-08-07T10:26:29.391959,cachewinograd,64,64,56,56,478,1898.0928569999378
2026-08-07T10:26:29.391959,cachewinograd,64,64,56,56,479,1891.2612640006046
2026-08-07T10:26:29.391959,cachewinograd,64,64,56,56,480,1899.9730579998868
2026-08-07T10:26:29.391959,cachewinograd,64,64,56,56,481,1893.3348599994133
2026-08-07T10:26:29.391959,cachewinograd,64,64,56,56,482,1899.0658269995038
2026-08-07T10:26:29.391959,cachewinograd,64,64,56,56,483,1898.9876460000232
2026-08-07T10:26:29.391959,cachewinograd,64,64,56,56,484,1902.1711940004025
2026-08-07T10:26:29.391959,cachewinograd,64,64,56,56,485,1897.3596489995543
2026-08-07T10:26:29.391959,cachewinograd,64,64,56,56,486,1897.994579000624
2026-08-07T10:26:29.391959,cachewinograd,64,64,56,56,487,1894.2071490000671
2026-08-07T10:26:29.391959,cachewinograd,64,64,56,56,488,1898.8375919998361
2026-08-07T10:26:29.391959,cachewinograd,64,64,56,56,489,1898.1693810001161
2026-08-07T10:26:29.391959,cachewinograd,64,64,56,56,490,1901.7278960000112
2026-08-07T10:26:29.391959,cachewinograd,64,64,56,56,491,1901.7405009999493
2026-08-07T10:26:29.391959,cachewinograd,64,64,56,56,492,1902.6740399995106
2026-08-07T10:26:29.391959,cachewinograd,64,64,56,56,493,1900.857698999971
2026-08-07T10:26:29.391959,cachewinograd,64,64,56,56,494,1902.9575959993963
2026-08-07T10:26:29.391959,cachewinograd,64,64,56,56,495,1900.5595090002316
2026-08-07T10:26:29.391959,cachewinograd,64,64,56,56,496,1904.069477000121
2026-08-07T10:26:29.391959,cachewinograd,64,64,56,56,497,1896.7744239998865
2026-08-07T10:26:29.391959,cachewinograd,64,64,56,56,498,1898.8503090004087
2026-08-07T10:26:29.391959,cachewinograd,64,64,56,56,499,1896.2026270000933
2026-08-07T10:26:29.391959,cachewinograd,64,64,56,56,500,1902.0836520003286
2026-08-07T10:26:29.391959,cachewinograd,64,64,56,56,501,1898.307264000323
2026-08-07T10:26:29.391959,cachewinograd,64,64,56,56,502,1902.973230000498
2026-08-07T10:26:29.391959,cachewinograd,64,64,56,56,503,1898.4956089998377
2026-08-07T10:26:29.391959,cachewinograd,64,64,56,56,504,1904.8118669998075
2026-08-07T10:26:29.391959,cachewinograd,64,64,56,56,505,1897.697392999362
2026-08-07T10:26:29.391959,cachewinograd,64,64,56,56,506,1904.2880389997663
2026-08-07T10:26:29.391959,cachewinograd,64,64,56,56,507,1900.1833020001868
2026-08-07T10:26:29.391959,cachewinograd,64,64,56,56,508,1901.5289959997972
2026-08-07T10:26:29.391959,cachewinograd,64,64,56,56,509,1900.9858970002824
2026-08-07T10:26:29.391959,cachewinograd,64,64,56,56,510,1903.533108999909
2026-08-07T10:26:29.391959,cachewinograd,64,64,56,56,511,1901.6779130006398
2026-08-07T10:26:29.391959,cachewinograd,64,64,56,56,512,1905.486595000184
2026-08-07T10:26:29.391959,cachewinograd,64,64,56,56,513,1912.9775470000823
2026-08-07T10:26:29.391959,cachewinograd,64,64,56,56,514,1914.665602000241
2026-08-07T10:26:29.391959,cachewinograd,64,64,56,56,515,1898.5475500003304
2026-08-07T10:26:29.391959,cachewinograd,64,64,56,56,516,1901.4744699998118
2026-08-07T10:26:29.391959,cachewinograd,64,64,56,56,517,1900.8487609999065
2026-08-07T10:26:29.391959,cachewinograd,64,64,56,56,518,1901.034188000267
2026-08-07T10:26:29.391959,cachewinograd,64,64,56,56,519,1895.8653879999474
2026-08-07T10:26:29.391959,cachewinograd,64,64,56,56,520,1900.215087000106
2026-08-07T10:26:29.391959,cachewinograd,64,64,56,56,521,1897.6874079999106
2026-08-07T10:26:29.391959,cachewinograd,64,64,56,56,522,1902.6427099997818
2026-08-07T10:26:29.391959,cachewinograd,64,64,56,56,523,1896.9698729997617
2026-08-07T10:26:29.391959,cachewinograd,64,64,56,56,524,1898.8548650004304
2026-08-07T10:26:29.391959,cachewinograd,64,64,56,56,525,1896.9276329999047
2026-08-07T10:26:29.391959,cachewinograd,64,64,56,56,526,1898.5003700008747
2026-08-07T10:26:29.391959,cachewinograd,64,64,56,56,527,1897.7028299996164
2026-08-07T10:26:29.391959,cachewinograd,64,64,56,56,528,1899.5310480004264
2026-08-07T10:26:29.391959,cachewinograd,64,64,56,56,529,1905.3293629995096
2026-08-07T10:26:29.391959,cachewinograd,64,64,56,56,530,1904.519373999392
2026-08-07T10:26:29.391959,cachewinograd,64,64,56,56,531,1898.6519970003428
2026-08-07T10:26:29.391959,cachewinograd,64,64,56,56,532,1901.5524549995462
2026-08-07T10:26:29.391959,cachewinograd,64,64,56,56,533,1899.543814000026
2026-08-07T10:26:29.391959,cachewinograd,64,64,56,56,534,1898.9398260000598
2026-08-07T10:26:29.391959,cachewinograd,64,64,56,56,535,1900.9457080001084
2026-08-07T10:26:29.391959,cachewinograd,64,64,56,56,536,1899.6233520001624
2026-08-07T10:26:29.391959,cachewinograd,64,64,56,56,537,1894.860924000568
2026-08-07T10:26:29.391959,cachewinograd,64,64,56,56,538,1904.0479499999492
2026-08-07T10:26:29.391959,cachewinograd,64,64,56,56,539,1901.8364349994954
2026-08-07T10:26:29.391959,cachewinograd,64,64,56,56,540,1899.7640910001792
2026-08-07T10:26:29.391959,cachewinograd,64,64,56,56,541,1897.621848000199
2026-08-07T10:26:29.391959,cachewinograd,64,64,56,56,542,1901.1194220001926
2026-08-07T10:26:29.391959,cachewinograd,64,64,56,56,543,1897.8694659999746
2026-08-07T10:26:29.391959,cachewinograd,64,64,56,56,544,1897.7800880002178
2026-08-07T10:26:29.391959,cachewinograd,64,64,56,56,545,1895.9849460006808
2026-08-07T10:26:29.391959,cachewinograd,64,64,56,56,546,1899.6233060006489
2026-08-07T10:26:29.391959,cachewinograd,64,64,56,56,547,1897.1570389994667
2026-08-07T10:26:29.391959,cachewinograd,64,64,56,56,548,1895.8991630006494
2026-08-07T10:26:29.391959,cachewinograd,64,64,56,56,549,1892.880208999486
2026-08-07T10:26:29.391959,cachewinograd,64,64,56,56,550,1894.756399000471
2026-08-07T10:26:29.391959,cachewinograd,64,64,56,56,551,1889.8227649997352
2026-08-07T10:26:29.391959,cachewinograd,64,64,56,56,552,1894.200746000024
2026-08-07T10:26:29.391959,cachewinograd,64,64,56,56,553,1889.323991999845
2026-08-07T10:26:29.391959,cachewinograd,64,64,56,56,554,1893.2281990000774
2026-08-07T10:26:29.391959,cachewinograd,64,64,56,56,555,1894.6233750002648
2026-08-07T10:26:29.391959,cachewinograd,64,64,56,56,556,1894.2587740002637
2026-08-07T10:26:29.391959,cachewinograd,64,64,56,56,557,1895.5474330005018
2026-08-07T10:26:29.391959,cachewinograd,64,64,56,56,558,1896.164444000533
2026-08-07T10:26:29.391959,cachewinograd,64,64,56,56,559,1894.938445999287
2026-08-07T10:26:29.391959,cachewinograd,64,64,56,56,560,1900.1841789995524
2026-08-07T10:26:29.391959,cachewinograd,64,64,56,56,561,1894.6704139998474
2026-08-07T10:26:29.391959,cachewinograd,64,64,56,56,562,1901.427578000039
2026-08-07T10:26:29.391959,cachewinograd,64,64,56,56,563,1899.7100429996863
2026-08-07T10:26:29.391959,cachewinograd,64,64,56,56,564,1899.8748439998963
2026-08-07T10:26:29.391959,cachewinograd,64,64,56,56,565,1899.253303000478
2026-08-07T10:26:29.391959,cachewinograd,64,64,56,56,566,1900.2983560003486
2026-08-07T10:26:29.391959,cachewinograd,64,64,56,56,567,1896.5789000003497
2026-08-07T10:26:29.391959,cachewinograd,64,64,56,56,568,1903.4307550000449
2026-08-07T10:26:29.391959,cachewinograd,64,64,56,56,569,1898.7604160001865
2026-08-07T10:26:29.391959,cachewinograd,64,64,56,56,570,1899.4007109995437
2026-08-07T10:26:29.391959,cachewinograd,64,64,56,56,571,1901.3945619999504
2026-08-07T10:26:29.391959,cachewinograd,64,64,56,56,572,1901.2444499994672
2026-08-07T10:26:29.391959,cachewinograd,64,64,56,56,573,1896.7459949999466
2026-08-07T10:26:29.391959,cachewinograd,64,64,56,56,574,1903.9556819998324
2026-08-07T10:26:29.391959,cachewinograd,64,64,56,56,575,1902.5973329999033
2026-08-07T10:26:29.391959,cachewinograd,64,64,56,56,576,1901.081372999215
2026-08-07T10:26:29.391959,cachewinograd,64,64,56,56,577,1899.6454149992132
2026-08-07T10:26:29.391959,cachewinograd,64,64,56,56,578,1905.784630999733
2026-08-07T10:26:29.391959,cachewinograd,64,64,56,56,579,1899.4286879997162
2026-08-07T10:26:29.391959,cachewinograd,64,64,56,56,580,1901.793441999871
2026-08-07T10:26:29.391959,cachewinograd,64,64,56,56,581,1900.9742859998369
2026-08-07T10:26:29.391959,cachewinograd,64,64,56,56,582,1899.153311000191
2026-08-07T10:26:29.391959,cachewinograd,64,64,56,56,583,1897.180660000231
2026-08-07T10:26:29.391959,cachewinograd,64,64,56,56,584,1901.5508810007304
2026-08-07T10:26:29.391959,cachewinograd,64,64,56,56,585,1893.0984239996178
2026-08-07T10:26:29.391959,cachewinograd,64,64,56,56,586,1900.0901319996046
2026-08-07T10:26:29.391959,cachewinograd,64,64,56,56,587,1896.9536710001194
2026-08-07T10:26:29.391959,cachewinograd,64,64,56,56,588,1901.1451329997726
2026-08-07T10:26:29.391959,cachewinograd,64,64,56,56,589,1898.0415930000163
2026-08-07T10:26:29.391959,cachewinograd,64,64,56,56,590,1906.276435000109
2026-08-07T10:26:29.391959,cachewinograd,64,64,56,56,591,1899.5328669998344
2026-08-07T10:26:29.391959,cachewinograd,64,64,56,56,592,1930.2571779999198
2026-08-07T10:26:29.391959,cachewinograd,64,64,56,56,593,1929.9849250000989
2026-08-07T10:26:29.391959,cachewinograd,64,64,56,56,594,1938.250498999878
2026-08-07T10:26:29.391959,cachewinograd,64,64,56,56,595,1929.3691149996448
2026-08-07T10:26:29.391959,cachewinograd,64,64,56,56,596,1931.8782010004725
2026-08-07T10:26:29.391959,cachewinograd,64,64,56,56,597,1942.6992149992657
2026-08-07T10:26:29.391959,cachewinograd,64,64,56,56,598,1930.7390300000407
2026-08-07T10:26:29.391959,cachewinograd,64,64,56,56,599,1933.6082899999383
2026-08-07T10:26:29.391959,cachewinograd,64,64,56,56,600,1946.3639850000618
2026-08-07T10:26:29.391959,cachewinograd,64,64,56,56,601,1939.0837230002944
2026-08-07T10:26:29.391959,cachewinograd,64,64,56,56,602,1945.011940000768
2026-08-07T10:26:29.391959,cachewinograd,64,64,56,56,603,1942.698959000154
2026-08-07T10:26:29.391959,cachewinograd,64,64,56,56,604,1949.5572739997442
2026-08-07T10:26:29.391959,cachewinograd,64,64,56,56,605,1939.3634799998836
2026-08-07T10:26:29.391959,cachewinograd,64,64,56,56,606,1948.7267129998145
2026-08-07T10:26:29.391959,cachewinograd,64,64,56,56,607,1943.0093940000006
2026-08-07T10:26:29.391959,cachewinograd,64,64,56,56,608,1951.62446500035
2026-08-07T10:26:29.391959,cachewinograd,64,64,56,56,609,1958.9436899996144
2026-08-07T10:26:29.391959,cachewinograd,64,64,56,56,610,1947.6256699999794
2026-08-07T10:26:29.391959,cachewinograd,64,64,56,56,611,1944.0010609996534
2026-08-07T10:26:29.391959,cachewinograd,64,64,56,56,612,1947.1521069999653
2026-08-07T10:26:29.391959,cachewinograd,64,64,56,56,613,1942.7121960006843
2026-08-07T10:26:29.391959,cachewinograd,64,64,56,56,614,1943.890432000444
2026-08-07T10:26:29.391959,cachewinograd,64,64,56,56,615,1942.9090300000098
2026-08-07T10:26:29.391959,cachewinograd,64,64,56,56,616,1940.4413020001812
2026-08-07T10:26:29.391959,cachewinograd,64,64,56,56,617,1944.7958959999596
2026-08-07T10:26:29.391959,cachewinograd,64,64,56,56,618,1940.749913000218
2026-08-07T10:26:29.391959,cachewinograd,64,64,56,56,619,1943.8522569998895
2026-08-07T10:26:29.391959,cachewinograd,64,64,56,56,620,1943.2319659999848
2026-08-07T10:26:29.391959,cachewinograd,64,64,56,56,621,1941.5809970005284
2026-08-07T10:26:29.391959,cachewinograd,64,64,56,56,622,1936.1778619995675
2026-08-07T10:26:29.391959,cachewinograd,64,64,56,56,623,1931.271000000379
2026-08-07T10:26:29.391959,cachewinograd,64,64,56,56,624,1917.8624580008545
2026-08-07T10:26:29.391959,cachewinograd,64,64,56,56,625,1908.72600900002
2026-08-07T10:26:29.391959,cachewinograd,64,64,56,56,626,1909.220410000671
2026-08-07T10:26:29.391959,cachewinograd,64,64,56,56,627,1908.1671799995092
2026-08-07T10:26:29.391959,cachewinograd,64,64,56,56,628,1912.6151649998064
2026-08-07T10:26:29.391959,cachewinograd,64,64,56,56,629,1910.4053149994797
2026-08-07T10:26:29.391959,cachewinograd,64,64,56,56,630,1911.1290500004543
2026-08-07T10:26:29.391959,cachewinograd,64,64,56,56,631,1915.8525700004247
2026-08-07T10:26:29.391959,cachewinograd,64,64,56,56,632,1915.0672699997813
2026-08-07T10:26:29.391959,cachewinograd,64,64,56,56,633,1911.985865999668
2026-08-07T10:26:29.391959,cachewinograd,64,64,56,56,634,1918.0535689993121
2026-08-07T10:26:29.391959,cachewinograd,64,64,56,56,635,1915.8254350004427
2026-08-07T10:26:29.391959,cachewinograd,64,64,56,56,636,1917.2150880003755
2026-08-07T10:26:29.391959,cachewinograd,64,64,56,56,637,1915.8398130002752
2026-08-07T10:26:29.391959,cachewinograd,64,64,56,56,638,1915.480108000338
2026-08-07T10:26:29.391959,cachewinograd,64,64,56,56,639,1914.6460030005983
2026-08-07T10:26:29.391959,cachewinograd,64,64,56,56,640,1917.7347009999721
2026-08-07T10:26:29.391959,cachewinograd,64,64,56,56,641,1914.0124319992537
2026-08-07T10:26:29.391959,cachewinograd,64,64,56,56,642,1918.672093999703
2026-08-07T10:26:29.391959,cachewinograd,64,64,56,56,643,1913.9766490006878
2026-08-07T10:26:29.391959,cachewinograd,64,64,56,56,644,1916.3722909997887
2026-08-07T10:26:29.391959,cachewinograd,64,64,56,56,645,1915.6781420006155
2026-08-07T10:26:29.391959,cachewinograd,64,64,56,56,646,1917.6072509999358
2026-08-07T10:26:29.391959,cachewinograd,64,64,56,56,647,1921.5713570001753
2026-08-07T10:26:29.391959,cachewinograd,64,64,56,56,648,1943.5318409996398
2026-08-07T10:26:29.391959,cachewinograd,64,64,56,56,649,1941.151514000012
2026-08-07T10:26:29.391959,cachewinograd,64,64,56,56,650,1938.299131000349
2026-08-07T10:26:29.391959,cachewinograd,64,64,56,56,651,1945.3874050004742
2026-08-07T10:26:29.391959,cachewinograd,64,64,56,56,652,1943.723780000255
2026-08-07T10:26:29.391959,cachewinograd,64,64,56,56,653,1938.8145230004739
2026-08-07T10:26:29.391959,cachewinograd,64,64,56,56,654,1942.3919430000751
2026-08-07T10:26:29.391959,cachewinograd,64,64,56,56,655,1943.384650000553
2026-08-07T10:26:29.391959,cachewinograd,64,64,56,56,656,1949.0768640007445
2026-08-07T10:26:29.391959,cachewinograd,64,64,56,56,657,1936.6007159997025
2026-08-07T10:26:29.391959,cachewinograd,64,64,56,56,658,1943.5513270000229
2026-08-07T10:26:29.391959,cachewinograd,64,64,56,56,659,1938.7607210001079
2026-08-07T10:26:29.391959,cachewinograd,64,64,56,56,660,1945.5560110000079
2026-08-07T10:26:29.391959,cachewinograd,64,64,56,56,661,1948.3277680001265
2026-08-07T10:26:29.391959,cachewinograd,64,64,56,56,662,1942.2836609992373
2026-08-07T10:26:29.391959,cachewinograd,64,64,56,56,663,1939.459977000297
2026-08-07T10:26:29.391959,cachewinograd,64,64,56,56,664,1945.4927290007618
2026-08-07T10:26:29.391959,cachewinograd,64,64,56,56,665,1942.169073000514
2026-08-07T10:26:29.391959,cachewinograd,64,64,56,56,666,1952.1645260001605
2026-08-07T10:26:29.391959,cachewinograd,64,64,56,56,667,1938.7567149997267
2026-08-07T10:26:29.391959,cachewinograd,64,64,56,56,668,1932.893606000107
2026-08-07T10:26:29.391959,cachewinograd,64,64,56,56,669,1929.057475999798
2026-08-07T10:26:29.391959,cachewinograd,64,64,56,56,670,1929.545470999983
2026-08-07T10:26:29.391959,cachewinograd,64,64,56,56,671,1930.0702880000244
2026-08-07T10:26:29.391959,cachewinograd,64,64,56,56,672,1937.6652560004004
2026-08-07T10:26:29.391959,cachewinograd,64,64,56,56,673,1929.1170120004608
2026-08-07T10:26:29.391959,cachewinograd,64,64,56,56,674,1935.903032999704
2026-08-07T10:26:29.391959,cachewinograd,64,64,56,56,675,1939.9429770001007
2026-08-07T10:26:29.391959,cachewinograd,64,64,56,56,676,1945.134854000571
2026-08-07T10:26:29.391959,cachewinograd,64,64,56,56,677,1940.3144010002507
2026-08-07T10:26:29.391959,cachewinograd,64,64,56,56,678,1943.824580999717
2026-08-07T10:26:29.391959,cachewinograd,64,64,56,56,679,1942.6952020003228
2026-08-07T10:26:29.391959,cachewinograd,64,64,56,56,680,1946.8573379999725
2026-08-07T10:26:29.391959,cachewinograd,64,64,56,56,681,1940.113351999571
2026-08-07T10:26:29.391959,cachewinograd,64,64,56,56,682,1944.9528680006551
2026-08-07T10:26:29.391959,cachewinograd,64,64,56,56,683,1942.3187789998337
2026-08-07T10:26:29.391959,cachewinograd,64,64,56,56,684,1943.999748999886
2026-08-07T10:26:29.391959,cachewinograd,64,64,56,56,685,1940.6372350003949
2026-08-07T10:26:29.391959,cachewinograd,64,64,56,56,686,1943.051419000767
2026-08-07T10:26:29.391959,cachewinograd,64,64,56,56,687,1938.936265999473
2026-08-07T10:26:29.391959,cachewinograd,64,64,56,56,688,1946.1638700004187
2026-08-07T10:26:29.391959,cachewinograd,64,64,56,56,689,1945.9950069995102
2026-08-07T10:26:29.391959,cachewinograd,64,64,56,56,690,1942.9966269999568
2026-08-07T10:26:29.391959,cachewinograd,64,64,56,56,691,1939.1688300001988
2026-08-07T10:26:29.391959,cachewinograd,64,64,56,56,692,1942.4585820006541
2026-08-07T10:26:29.391959,cachewinograd,64,64,56,56,693,1935.6604260001404
2026-08-07T10:26:29.391959,cachewinograd,64,64,56,56,694,1939.2277930001
2026-08-07T10:26:29.391959,cachewinograd,64,64,56,56,695,1937.4003049997555
2026-08-07T10:26:29.391959,cachewinograd,64,64,56,56,696,1940.4254600003696
2026-08-07T10:26:29.391959,cachewinograd,64,64,56,56,697,1935.994612000286
2026-08-07T10:26:29.391959,cachewinograd,64,64,56,56,698,1925.5513759999303
2026-08-07T10:26:29.391959,cachewinograd,64,64,56,56,699,1894.3331860000399
2026-08-07T10:26:29.391959,cachewinograd,64,64,56,56,700,1898.9843049994306
2026-08-07T10:26:29.391959,cachewinograd,64,64,56,56,701,1895.0162940000155
2026-08-07T10:26:29.391959,cachewinograd,64,64,56,56,702,1896.0244709996914
2026-08-07T10:26:29.391959,cachewinograd,64,64,56,56,703,1895.9751980000874
2026-08-07T10:26:29.391959,cachewinograd,64,64,56,56,704,1901.609493000251
2026-08-07T10:26:29.391959,cachewinograd,64,64,56,56,705,1899.7260630003439
2026-08-07T10:26:29.391959,cachewinograd,64,64,56,56,706,1895.2512559999377
2026-08-07T10:26:29.391959,cachewinograd,64,64,56,56,707,1901.1958789997152
2026-08-07T10:26:29.391959,cachewinograd,64,64,56,56,708,1901.3240629992652
2026-08-07T10:26:29.391959,cachewinograd,64,64,56,56,709,1897.221719999834
2026-08-07T10:26:29.391959,cachewinograd,64,64,56,56,710,1902.862371000083
2026-08-07T10:26:29.391959,cachewinograd,64,64,56,56,711,1903.4804240000085
2026-08-07T10:26:29.391959,cachewinograd,64,64,56,56,712,1901.2262479991477
2026-08-07T10:26:29.391959,cachewinograd,64,64,56,56,713,1900.1875499998278
2026-08-07T10:26:29.391959,cachewinograd,64,64,56,56,714,1902.8528409999126
2026-08-07T10:26:29.391959,cachewinograd,64,64,56,56,715,1903.523031000077
2026-08-07T10:26:29.391959,cachewinograd,64,64,56,56,716,1902.3136490004617
2026-08-07T10:26:29.391959,cachewinograd,64,64,56,56,717,1899.2758389995288
2026-08-07T10:26:29.391959,cachewinograd,64,64,56,56,718,1908.457499999713
2026-08-07T10:26:29.391959,cachewinograd,64,64,56,56,719,1899.1299470008016
2026-08-07T10:26:29.391959,cachewinograd,64,64,56,56,720,1907.252076000077
2026-08-07T10:26:29.391959,cachewinograd,64,64,56,56,721,1910.1380560005055
2026-08-07T10:26:29.391959,cachewinograd,64,64,56,56,722,1910.945128000094
2026-08-07T10:26:29.391959,cachewinograd,64,64,56,56,723,1912.7645440003107
2026-08-07T10:26:29.391959,cachewinograd,64,64,56,56,724,1910.8353310002713
2026-08-07T10:26:29.391959,cachewinograd,64,64,56,56,725,1912.5077600001532
2026-08-07T10:26:29.391959,cachewinograd,64,64,56,56,726,1911.3061360003485
2026-08-07T10:26:29.391959,cachewinograd,64,64,56,56,727,1907.2572879995278
2026-08-07T10:26:29.391959,cachewinograd,64,64,56,56,728,1918.084813999485
2026-08-07T10:26:29.391959,cachewinograd,64,64,56,56,729,1911.0855540002376
2026-08-07T10:26:29.391959,cachewinograd,64,64,56,56,730,1920.5910870005027
2026-08-07T10:26:29.391959,cachewinograd,64,64,56,56,731,1912.8267880005296
2026-08-07T10:26:29.391959,cachewinograd,64,64,56,56,732,1913.3201479999116
2026-08-07T10:26:29.391959,cachewinograd,64,64,56,56,733,1905.1576009997007
2026-08-07T10:26:29.391959,cachewinograd,64,64,56,56,734,1905.5529340002977
2026-08-07T10:26:29.391959,cachewinograd,64,64,56,56,735,1901.1943280002015
2026-08-07T10:26:29.391959,cachewinograd,64,64,56,56,736,1905.9767050002847
2026-08-07T10:26:29.391959,cachewinograd,64,64,56,56,737,1903.4540250004284
2026-08-07T10:26:29.391959,cachewinograd,64,64,56,56,738,1906.3037550004083
2026-08-07T10:26:29.391959,cachewinograd,64,64,56,56,739,1902.2864169992317
2026-08-07T10:26:29.391959,cachewinograd,64,64,56,56,740,1901.9632230001662
2026-08-07T10:26:29.391959,cachewinograd,64,64,56,56,741,1897.4613290001798
2026-08-07T10:26:29.391959,cachewinograd,64,64,56,56,742,1905.2176059994963
2026-08-07T10:26:29.391959,cachewinograd,64,64,56,56,743,1902.1431820001453
2026-08-07T10:26:29.391959,cachewinograd,64,64,56,56,744,1902.0967219994418
2026-08-07T10:26:29.391959,cachewinograd,64,64,56,56,745,1904.564346999905
2026-08-07T10:26:29.391959,cachewinograd,64,64,56,56,746,1903.78967200013
2026-08-07T10:26:29.391959,cachewinograd,64,64,56,56,747,1911.9669600004272
2026-08-07T10:26:29.391959,cachewinograd,64,64,56,56,748,1906.0662969995974
2026-08-07T10:26:29.391959,cachewinograd,64,64,56,56,749,1904.1924029997972
2026-08-07T10:26:29.391959,cachewinograd,64,64,56,56,750,1908.7621130001935
2026-08-07T10:26:29.391959,cachewinograd,64,64,56,56,751,1902.7433710007244
2026-08-07T10:26:29.391959,cachewinograd,64,64,56,56,752,1905.7779510003456
2026-08-07T10:26:29.391959,cachewinograd,64,64,56,56,753,1906.9767099999808
2026-08-07T10:26:29.391959,cachewinograd,64,64,56,56,754,1903.7192539999523
2026-08-07T10:26:29.391959,cachewinograd,64,64,56,56,755,1904.2092279996723
2026-08-07T10:26:29.391959,cachewinograd,64,64,56,56,756,1904.8759290008093
2026-08-07T10:26:29.391959,cachewinograd,64,64,56,56,757,1887.953772000401
2026-08-07T10:26:29.391959,cachewinograd,64,64,56,56,758,1892.7034390007975
2026-08-07T10:26:29.391959,cachewinograd,64,64,56,56,759,1889.8815259999537
2026-08-07T10:26:29.391959,cachewinograd,64,64,56,56,760,1894.5512410000447
2026-08-07T10:26:29.391959,cachewinograd,64,64,56,56,761,1890.6708899994555
2026-08-07T10:26:29.391959,cachewinograd,64,64,56,56,762,1897.7073400001245
2026-08-07T10:26:29.391959,cachewinograd,64,64,56,56,763,1889.1247709998424
2026-08-07T10:26:29.391959,cachewinograd,64,64,56,56,764,1901.805620000232
2026-08-07T10:26:29.391959,cachewinograd,64,64,56,56,765,1918.5923009999897
2026-08-07T10:26:29.391959,cachewinograd,64,64,56,56,766,1919.7478800006138
2026-08-07T10:26:29.391959,cachewinograd,64,64,56,56,767,1916.3636479997876
2026-08-07T10:26:29.391959,cachewinograd,64,64,56,56,768,1919.7914779997518
2026-08-07T10:26:29.391959,cachewinograd,64,64,56,56,769,1914.0213950004181
2026-08-07T10:26:29.391959,cachewinograd,64,64,56,56,770,1909.684508999817
2026-08-07T10:26:29.391959,cachewinograd,64,64,56,56,771,1914.2547409992403
2026-08-07T10:26:29.391959,cachewinograd,64,64,56,56,772,1910.577106999881
2026-08-07T10:26:29.391959,cachewinograd,64,64,56,56,773,1908.6274249993949
2026-08-07T10:26:29.391959,cachewinograd,64,64,56,56,774,1908.2432409995818
2026-08-07T10:26:29.391959,cachewinograd,64,64,56,56,775,1906.0146390002046
2026-08-07T10:26:29.391959,cachewinograd,64,64,56,56,776,1908.6914930003331
2026-08-07T10:26:29.391959,cachewinograd,64,64,56,56,777,1908.158184000058
2026-08-07T10:26:29.391959,cachewinograd,64,64,56,56,778,1924.9053840003398
2026-08-07T10:26:29.391959,cachewinograd,64,64,56,56,779,1924.9316350005756
2026-08-07T10:26:29.391959,cachewinograd,64,64,56,56,780,1923.788715000228
2026-08-07T10:26:29.391959,cachewinograd,64,64,56,56,781,1931.2037780000537
2026-08-07T10:26:29.391959,cachewinograd,64,64,56,56,782,1930.7917779997297
2026-08-07T10:26:29.391959,cachewinograd,64,64,56,56,783,1931.5945270000157
2026-08-07T10:26:29.391959,cachewinograd,64,64,56,56,784,1930.14695400052
2026-08-07T10:26:29.391959,cachewinograd,64,64,56,56,785,1913.3553770006984
2026-08-07T10:26:29.391959,cachewinograd,64,64,56,56,786,1912.485385000764
2026-08-07T10:26:29.391959,cachewinograd,64,64,56,56,787,1919.0508219999174
2026-08-07T10:26:29.391959,cachewinograd,64,64,56,56,788,1914.316155999586
2026-08-07T10:26:29.391959,cachewinograd,64,64,56,56,789,1912.7149820005798
2026-08-07T10:26:29.391959,cachewinograd,64,64,56,56,790,1924.4968790007988
2026-08-07T10:26:29.391959,cachewinograd,64,64,56,56,791,1918.5507970005347
2026-08-07T10:26:29.391959,cachewinograd,64,64,56,56,792,1923.4985470002357
2026-08-07T10:26:29.391959,cachewinograd,64,64,56,56,793,1926.5926629996102
2026-08-07T10:26:29.391959,cachewinograd,64,64,56,56,794,1907.498418000614
2026-08-07T10:26:29.391959,cachewinograd,64,64,56,56,795,1907.8317680005057
2026-08-07T10:26:29.391959,cachewinograd,64,64,56,56,796,1928.7518350001847
2026-08-07T10:26:29.391959,cachewinograd,64,64,56,56,797,1905.8226050001394
2026-08-07T10:26:29.391959,cachewinograd,64,64,56,56,798,1910.2233480007271
2026-08-07T10:26:29.391959,cachewinograd,64,64,56,56,799,1908.662696000647
2026-08-07T10:26:29.391959,cachewinograd,64,64,56,56,800,1908.3637229996384
2026-08-07T10:26:29.391959,cachewinograd,64,64,56,56,801,1907.9472459998215
2026-08-07T10:26:29.391959,cachewinograd,64,64,56,56,802,1898.1956070001615
2026-08-07T10:26:29.391959,cachewinograd,64,64,56,56,803,1887.3642270000346
2026-08-07T10:26:29.391959,cachewinograd,64,64,56,56,804,1893.7576220005212
2026-08-07T10:26:29.391959,cachewinograd,64,64,56,56,805,1890.3787019999072
2026-08-07T10:26:29.391959,cachewinograd,64,64,56,56,806,1895.411299999978
2026-08-07T10:26:29.391959,cachewinograd,64,64,56,56,807,1894.8982010006148
2026-08-07T10:26:29.391959,cachewinograd,64,64,56,56,808,1895.4388030006157
2026-08-07T10:26:29.391959,cachewinograd,64,64,56,56,809,1893.480787000044
2026-08-07T10:26:29.391959,cachewinograd,64,64,56,56,810,1897.124305000034
2026-08-07T10:26:29.391959,cachewinograd,64,64,56,56,811,1895.0290950006092
2026-08-07T10:26:29.391959,cachewinograd,64,64,56,56,812,1896.5847460003715
2026-08-07T10:26:29.391959,cachewinograd,64,64,56,56,813,1893.1040500001473
2026-08-07T10:26:29.391959,cachewinograd,64,64,56,56,814,1894.989144999272
2026-08-07T10:26:29.391959,cachewinograd,64,64,56,56,815,1898.5783370007994
2026-08-07T10:26:29.391959,cachewinograd,64,64,56,56,816,1894.4256810000297
2026-08-07T10:26:29.391959,cachewinograd,64,64,56,56,817,1890.2530220002518
2026-08-07T10:26:29.391959,cachewinograd,64,64,56,56,818,1893.3017700001074
2026-08-07T10:26:29.391959,cachewinograd,64,64,56,56,819,1886.3439709994054
2026-08-07T10:26:29.391959,cachewinograd,64,64,56,56,820,1894.6156909996716
2026-08-07T10:26:29.391959,cachewinograd,64,64,56,56,821,1892.866905000119
2026-08-07T10:26:29.391959,cachewinograd,64,64,56,56,822,1894.4144310007687
2026-08-07T10:26:29.391959,cachewinograd,64,64,56,56,823,1895.0283700005457
2026-08-07T10:26:29.391959,cachewinograd,64,64,56,56,824,1894.7839829997974
2026-08-07T10:26:29.391959,cachewinograd,64,64,56,56,825,1894.3568260001484
2026-08-07T10:26:29.391959,cachewinograd,64,64,56,56,826,1897.0080540002527
2026-08-07T10:26:29.391959,cachewinograd,64,64,56,56,827,1893.7926830003562
2026-08-07T10:26:29.391959,cachewinograd,64,64,56,56,828,1895.6750170000305
2026-08-07T10:26:29.391959,cachewinograd,64,64,56,56,829,1894.6247040003072
2026-08-07T10:26:29.391959,cachewinograd,64,64,56,56,830,1896.9016419996478
2026-08-07T10:26:29.391959,cachewinograd,64,64,56,56,831,1894.2517180003051
2026-08-07T10:26:29.391959,cachewinograd,64,64,56,56,832,1898.4725569998773
2026-08-07T10:26:29.391959,cachewinograd,64,64,56,56,833,1891.687839000042
2026-08-07T10:26:29.391959,cachewinograd,64,64,56,56,834,1895.588244999999
2026-08-07T10:26:29.391959,cachewinograd,64,64,56,56,835,1892.4998590000541
2026-08-07T10:26:29.391959,cachewinograd,64,64,56,56,836,1897.6181899997755
2026-08-07T10:26:29.391959,cachewinograd,64,64,56,56,837,1892.4296989998766
2026-08-07T10:26:29.391959,cachewinograd,64,64,56,56,838,1892.3573000001852
2026-08-07T10:26:29.391959,cachewinograd,64,64,56,56,839,1894.6103320004113
2026-08-07T10:26:29.391959,cachewinograd,64,64,56,56,840,1895.8798229996319
2026-08-07T10:26:29.391959,cachewinograd,64,64,56,56,841,1889.9507749993063
2026-08-07T10:26:29.391959,cachewinograd,64,64,56,56,842,1894.1110890000346
2026-08-07T10:26:29.391959,cachewinograd,64,64,56,56,843,1886.1440710006718
2026-08-07T10:26:29.391959,cachewinograd,64,64,56,56,844,1889.1014080008972
2026-08-07T10:26:29.391959,cachewinograd,64,64,56,56,845,1892.5880950000646
2026-08-07T10:26:29.391959,cachewinograd,64,64,56,56,846,1890.0678639993203
2026-08-07T10:26:29.391959,cachewinograd,64,64,56,56,847,1885.9748459999537
2026-08-07T10:26:29.391959,cachewinograd,64,64,56,56,848,1886.7071229997237
2026-08-07T10:26:29.391959,cachewinograd,64,64,56,56,849,1882.9823510004644
2026-08-07T10:26:29.391959,cachewinograd,64,64,56,56,850,1888.0072919992017
2026-08-07T10:26:29.391959,cachewinograd,64,64,56,56,851,1886.0414119999405
2026-08-07T10:26:29.391959,cachewinograd,64,64,56,56,852,1891.6002339992701
2026-08-07T10:26:29.391959,cachewinograd,64,64,56,56,853,1887.9319240004406
2026-08-07T10:26:29.391959,cachewinograd,64,64,56,56,854,1891.6660720005893
2026-08-07T10:26:29.391959,cachewinograd,64,64,56,56,855,1888.235897999948
2026-08-07T10:26:29.391959,cachewinograd,64,64,56,56,856,1891.672374999871
2026-08-07T10:26:29.391959,cachewinograd,64,64,56,56,857,1892.8423829993335
2026-08-07T10:26:29.391959,cachewinograd,64,64,56,56,858,1889.9304130000019
2026-08-07T10:26:29.391959,cachewinograd,64,64,56,56,859,1889.0652130003218
2026-08-07T10:26:29.391959,cachewinograd,64,64,56,56,860,1890.6122709995543
2026-08-07T10:26:29.391959,cachewinograd,64,64,56,56,861,1895.4052210001464
2026-08-07T10:26:29.391959,cachewinograd,64,64,56,56,862,1893.377774000328
2026-08-07T10:26:29.391959,cachewinograd,64,64,56,56,863,1893.5071559999415
2026-08-07T10:26:29.391959,cachewinograd,64,64,56,56,864,1895.5371550000564
2026-08-07T10:26:29.391959,cachewinograd,64,64,56,56,865,1890.6528469997284
2026-08-07T10:26:29.391959,cachewinograd,64,64,56,56,866,1897.0355659994311
2026-08-07T10:26:29.391959,cachewinograd,64,64,56,56,867,1890.7970740001474
2026-08-07T10:26:29.391959,cachewinograd,64,64,56,56,868,1895.7087280004998
2026-08-07T10:26:29.391959,cachewinograd,64,64,56,56,869,1893.9843699999983
2026-08-07T10:26:29.391959,cachewinograd,64,64,56,56,870,1895.9517610001058
2026-08-07T10:26:29.391959,cachewinograd,64,64,56,56,871,1893.0622919997404
2026-08-07T10:26:29.391959,cachewinograd,64,64,56,56,872,1895.1238019999437
2026-08-07T10:26:29.391959,cachewinograd,64,64,56,56,873,1891.3877799996044
2026-08-07T10:26:29.391959,cachewinograd,64,64,56,56,874,1893.9700479995736
2026-08-07T10:26:29.391959,cachewinograd,64,64,56,56,875,1893.6062800003128
2026-08-07T10:26:29.391959,cachewinograd,64,64,56,56,876,1894.6135180003694
2026-08-07T10:26:29.391959,cachewinograd,64,64,56,56,877,1892.520964999676
2026-08-07T10:26:29.391959,cachewinograd,64,64,56,56,878,1897.9967619998206
2026-08-07T10:26:29.391959,cachewinograd,64,64,56,56,879,1892.3288189998857
2026-08-07T10:26:29.391959,cachewinograd,64,64,56,56,880,1895.7019069994203
2026-08-07T10:26:29.391959,cachewinograd,64,64,56,56,881,1892.3688220002077
2026-08-07T10:26:29.391959,cachewinograd,64,64,56,56,882,1916.8200040003285
2026-08-07T10:26:29.391959,cachewinograd,64,64,56,56,883,2064.052650999656
2026-08-07T10:26:29.391959,cachewinograd,64,64,56,56,884,2129.6038289992794
2026-08-07T10:26:29.391959,cachewinograd,64,64,56,56,885,2170.129000999623
2026-08-07T10:26:29.391959,cachewinograd,64,64,56,56,886,2115.3122739997343
2026-08-07T10:26:29.391959,cachewinograd,64,64,56,56,887,2153.7694770004236
2026-08-07T10:26:29.391959,cachewinograd,64,64,56,56,888,2078.0165349997333
2026-08-07T10:26:29.391959,cachewinograd,64,64,56,56,889,2092.6210229999924
2026-08-07T10:26:29.391959,cachewinograd,64,64,56,56,890,2138.3216650001486
2026-08-07T10:26:29.391959,cachewinograd,64,64,56,56,891,2134.8914919999515
2026-08-07T10:26:29.391959,cachewinograd,64,64,56,56,892,1997.815140000057
2026-08-07T10:26:29.391959,cachewinograd,64,64,56,56,893,2130.5220029998964
2026-08-07T10:26:29.391959,cachewinograd,64,64,56,56,894,2128.4876809995694
2026-08-07T10:26:29.391959,cachewinograd,64,64,56,56,895,2102.4055310008407
2026-08-07T10:26:29.391959,cachewinograd,64,64,56,56,896,2070.966442000099
2026-08-07T10:26:29.391959,cachewinograd,64,64,56,56,897,1915.072212999803
2026-08-07T10:26:29.391959,cachewinograd,64,64,56,56,898,1919.9869919993944
2026-08-07T10:26:29.391959,cachewinograd,64,64,56,56,899,1912.1424290005962
2026-08-07T10:26:29.391959,cachewinograd,64,64,56,56,900,1910.1873299996441
2026-08-07T10:26:29.391959,cachewinograd,64,64,56,56,901,1907.5273010003002
2026-08-07T10:26:29.391959,cachewinograd,64,64,56,56,902,1913.437965000412
2026-08-07T10:26:29.391959,cachewinograd,64,64,56,56,903,1914.335770999969
2026-08-07T10:26:29.391959,cachewinograd,64,64,56,56,904,1917.9994980004267
2026-08-07T10:26:29.391959,cachewinograd,64,64,56,56,905,1909.895494999546
2026-08-07T10:26:29.391959,cachewinograd,64,64,56,56,906,1914.8000129998763
2026-08-07T10:26:29.391959,cachewinograd,64,64,56,56,907,1915.5872410001393
2026-08-07T10:26:29.391959,cachewinograd,64,64,56,56,908,1912.6315180001257
2026-08-07T10:26:29.391959,cachewinograd,64,64,56,56,909,1895.9162990004188
2026-08-07T10:26:29.391959,cachewinograd,64,64,56,56,910,1900.9374380002555
2026-08-07T10:26:29.391959,cachewinograd,64,64,56,56,911,1897.5632570000016
2026-08-07T10:26:29.391959,cachewinograd,64,64,56,56,912,1900.1855249998698
2026-08-07T10:26:29.391959,cachewinograd,64,64,56,56,913,1898.4094470006312
2026-08-07T10:26:29.391959,cachewinograd,64,64,56,56,914,1897.6704529995914
2026-08-07T10:26:29.391959,cachewinograd,64,64,56,56,915,1894.8881759997676
2026-08-07T10:26:29.391959,cachewinograd,64,64,56,56,916,1908.9184160002333
2026-08-07T10:26:29.391959,cachewinograd,64,64,56,56,917,1903.6062209997908
2026-08-07T10:26:29.391959,cachewinograd,64,64,56,56,918,1911.1716549996345
2026-08-07T10:26:29.391959,cachewinograd,64,64,56,56,919,1903.240473000551
2026-08-07T10:26:29.391959,cachewinograd,64,64,56,56,920,1905.5852799992863
2026-08-07T10:26:29.391959,cachewinograd,64,64,56,56,921,1903.506736000054
2026-08-07T10:26:29.391959,cachewinograd,64,64,56,56,922,1888.0803320007544
2026-08-07T10:26:29.391959,cachewinograd,64,64,56,56,923,1890.3710730000967
2026-08-07T10:26:29.391959,cachewinograd,64,64,56,56,924,1893.499148999581
2026-08-07T10:26:29.391959,cachewinograd,64,64,56,56,925,1891.4625369998248
2026-08-07T10:26:29.391959,cachewinograd,64,64,56,56,926,1892.529413000375
2026-08-07T10:26:29.391959,cachewinograd,64,64,56,56,927,1889.311908000309
2026-08-07T10:26:29.391959,cachewinograd,64,64,56,56,928,1896.2055370002417
2026-08-07T10:26:29.391959,cachewinograd,64,64,56,56,929,1896.7952020002485
2026-08-07T10:26:29.391959,cachewinograd,64,64,56,56,930,1896.406379999462
2026-08-07T10:26:29.391959,cachewinograd,64,64,56,56,931,1896.9519279999076
2026-08-07T10:26:29.391959,cachewinograd,64,64,56,56,932,1896.7181139996683
2026-08-07T10:26:29.391959,cachewinograd,64,64,56,56,933,1896.9276039997567
2026-08-07T10:26:29.391959,cachewinograd,64,64,56,56,934,1898.1151640000462
2026-08-07T10:26:29.391959,cachewinograd,64,64,56,56,935,1894.8782300003586
2026-08-07T10:26:29.391959,cachewinograd,64,64,56,56,936,1899.6082630001183
2026-08-07T10:26:29.391959,cachewinograd,64,64,56,56,937,1897.6567580002666
2026-08-07T10:26:29.391959,cachewinograd,64,64,56,56,938,1897.5920679995397
2026-08-07T10:26:29.391959,cachewinograd,64,64,56,56,939,1895.0754289999168
2026-08-07T10:26:29.391959,cachewinograd,64,64,56,56,940,1908.1303080001817
2026-08-07T10:26:29.391959,cachewinograd,64,64,56,56,941,1908.3952170003613
2026-08-07T10:26:29.391959,cachewinograd,64,64,56,56,942,1915.2246769999692
2026-08-07T10:26:29.391959,cachewinograd,64,64,56,56,943,1912.0868620002511
2026-08-07T10:26:29.391959,cachewinograd,64,64,56,56,944,1915.972839999995
2026-08-07T10:26:29.391959,cachewinograd,64,64,56,56,945,1907.9071200003455
2026-08-07T10:26:29.391959,cachewinograd,64,64,56,56,946,1918.3077490006326
2026-08-07T10:26:29.391959,cachewinograd,64,64,56,56,947,1910.7042929999807
2026-08-07T10:26:29.391959,cachewinograd,64,64,56,56,948,1923.984080000082
2026-08-07T10:26:29.391959,cachewinograd,64,64,56,56,949,1920.5976590001228
2026-08-07T10:26:29.391959,cachewinograd,64,64,56,56,950,1920.7548539998243
2026-08-07T10:26:29.391959,cachewinograd,64,64,56,56,951,1919.8583500001405
2026-08-07T10:26:29.391959,cachewinograd,64,64,56,56,952,1922.403688000486
2026-08-07T10:26:29.391959,cachewinograd,64,64,56,56,953,1920.4294729997855
2026-08-07T10:26:29.391959,cachewinograd,64,64,56,56,954,1918.428330000097
2026-08-07T10:26:29.391959,cachewinograd,64,64,56,56,955,1921.5005689993632
2026-08-07T10:26:29.391959,cachewinograd,64,64,56,56,956,1922.038720999808
2026-08-07T10:26:29.391959,cachewinograd,64,64,56,56,957,1922.4543679993076
2026-08-07T10:26:29.391959,cachewinograd,64,64,56,56,958,1924.2530000001352
2026-08-07T10:26:29.391959,cachewinograd,64,64,56,56,959,1923.1532040003003
2026-08-07T10:26:29.391959,cachewinograd,64,64,56,56,960,1928.0088670002442
2026-08-07T10:26:29.391959,cachewinograd,64,64,56,56,961,1922.684589999335
2026-08-07T10:26:29.391959,cachewinograd,64,64,56,56,962,1925.4881679999016
2026-08-07T10:26:29.391959,cachewinograd,64,64,56,56,963,1925.2471150002748
2026-08-07T10:26:29.391959,cachewinograd,64,64,56,56,964,1925.4266030002327
2026-08-07T10:26:29.391959,cachewinograd,64,64,56,56,965,1922.6624529992478
2026-08-07T10:26:29.391959,cachewinograd,64,64,56,56,966,1918.247646999589
2026-08-07T10:26:29.391959,cachewinograd,64,64,56,56,967,1919.797099999414
2026-08-07T10:26:29.391959,cachewinograd,64,64,56,56,968,1919.7475660002965
2026-08-07T10:26:29.391959,cachewinograd,64,64,56,56,969,1922.0505990006131
2026-08-07T10:26:29.391959,cachewinograd,64,64,56,56,970,1927.9677730000913
2026-08-07T10:26:29.391959,cachewinograd,64,64,56,56,971,1922.1637820000979
2026-08-07T10:26:29.391959,cachewinograd,64,64,56,56,972,1923.8690239999414
2026-08-07T10:26:29.391959,cachewinograd,64,64,56,56,973,1921.6060990002006
2026-08-07T10:26:29.391959,cachewinograd,64,64,56,56,974,1924.4597849992715
2026-08-07T10:26:29.391959,cachewinograd,64,64,56,56,975,1923.5873970001194
2026-08-07T10:26:29.391959,cachewinograd,64,64,56,56,976,1924.5140070006528
2026-08-07T10:26:29.391959,cachewinograd,64,64,56,56,977,1925.2245640000183
2026-08-07T10:26:29.391959,cachewinograd,64,64,56,56,978,1923.2709759999125
2026-08-07T10:26:29.391959,cachewinograd,64,64,56,56,979,1923.7764179997612
2026-08-07T10:26:29.391959,cachewinograd,64,64,56,56,980,1921.6714149997642
2026-08-07T10:26:29.391959,cachewinograd,64,64,56,56,981,1921.516043000338
2026-08-07T10:26:29.391959,cachewinograd,64,64,56,56,982,1924.5320279997031
2026-08-07T10:26:29.391959,cachewinograd,64,64,56,56,983,1921.648028999698
2026-08-07T10:26:29.391959,cachewinograd,64,64,56,56,984,1919.5875079994948
2026-08-07T10:26:29.391959,cachewinograd,64,64,56,56,985,1921.6872500001045
2026-08-07T10:26:29.391959,cachewinograd,64,64,56,56,986,1923.5680209994825
2026-08-07T10:26:29.391959,cachewinograd,64,64,56,56,987,1921.2898350006071
2026-08-07T10:26:29.391959,cachewinograd,64,64,56,56,988,1919.356143999721
2026-08-07T10:26:29.391959,cachewinograd,64,64,56,56,989,1919.686993999676
2026-08-07T10:26:29.391959,cachewinograd,64,64,56,56,990,1919.8726290005652
2026-08-07T10:26:29.391959,cachewinograd,64,64,56,56,991,1915.6196009998894
2026-08-07T10:26:29.391959,cachewinograd,64,64,56,56,992,1915.1639539995813
2026-08-07T10:26:29.391959,cachewinograd,64,64,56,56,993,1917.0904570000857
2026-08-07T10:26:29.391959,cachewinograd,64,64,56,56,994,1913.0424919994766
2026-08-07T10:26:29.391959,cachewinograd,64,64,56,56,995,1912.2112519999064
2026-08-07T10:26:29.391959,cachewinograd,64,64,56,56,996,1908.2425619999412
2026-08-07T10:26:29.391959,cachewinograd,64,64,56,56,997,1910.160158000508
2026-08-07T10:26:29.391959,cachewinograd,64,64,56,56,998,1914.6369480004068
2026-08-07T10:26:29.391959,cachewinograd,64,64,56,56,999,1895.946107999407
